1422.11,QQQ,TQQQ,SOXL,TECL,SGOV
2010-01-04,46.42,,,1.03,
2010-01-05,46.42,,,1.03,
2010-01-06,46.14,,,1.01,
2010-01-07,46.17,,,1.0,
2010-01-08,46.55,,,1.02,
2010-01-11,46.36,,,1.0,
2010-01-12,45.78,,,0.97,
2010-01-13,46.35,,,0.99,
2010-01-14,46.39,,,1.02,
2010-01-15,45.85,,,0.98,
2010-01-19,46.59,,,1.01,
2010-01-20,45.92,,,0.98,
2010-01-21,45.49,,,0.95,
2010-01-22,44.16,,,0.84,
2010-01-25,44.31,,,0.85,
2010-01-26,44.35,,,0.85,
2010-01-27,44.7,,,0.87,
2010-01-28,43.55,,,0.79,
2010-01-29,42.79,,,0.74,
2010-02-01,43.26,,,0.77,
2010-02-02,43.65,,,0.79,
2010-02-03,43.89,,,0.8,
2010-02-04,42.62,,,0.74,
2010-02-05,42.98,,,0.76,
2010-02-08,42.67,,,0.75,
2010-02-09,43.11,,,0.77,
2010-02-10,43.02,,,0.76,
2010-02-11,43.67,0.22,,0.8,
2010-02-12,43.76,0.22,,0.8,
2010-02-16,44.32,0.23,,0.84,
2010-02-17,44.57,0.23,,0.85,
2010-02-18,44.85,0.23,,0.87,
2010-02-19,44.83,0.23,,0.86,
2010-02-22,44.74,0.23,,0.86,
2010-02-23,44.16,0.22,,0.82,
2010-02-24,44.61,0.23,,0.85,
2010-02-25,44.6,0.23,,0.84,
2010-02-26,44.76,0.23,,0.84,
2010-03-01,45.41,0.24,,0.88,
2010-03-02,45.55,0.24,,0.87,
2010-03-03,45.6,0.25,,0.87,
2010-03-04,45.75,0.25,,0.89,
2010-03-05,46.44,0.26,,0.92,
2010-03-08,46.53,0.26,,0.93,
2010-03-09,46.79,0.26,,0.94,
2010-03-10,47.17,0.27,,0.96,
2010-03-11,47.35,0.27,0.66,0.97,
2010-03-12,47.36,0.27,0.64,0.97,
2010-03-15,47.24,0.27,0.62,0.96,
2010-03-16,47.54,0.28,0.67,0.98,
2010-03-17,47.67,0.28,0.7,1.0,
2010-03-18,47.83,0.28,0.68,1.0,
2010-03-19,47.49,0.28,0.65,0.97,
2010-03-22,47.92,0.29,0.7,1.0,
2010-03-23,48.25,0.29,0.74,1.0,
2010-03-24,48.02,0.29,0.7,0.98,
2010-03-25,47.95,0.29,0.7,0.99,
2010-03-26,48.0,0.29,0.69,0.98,
2010-03-29,48.23,0.29,0.71,0.98,
2010-03-30,48.39,0.29,0.72,0.99,
2010-03-31,48.16,0.29,0.71,0.98,
2010-04-01,48.16,0.29,0.71,0.97,
2010-04-05,48.61,0.3,0.77,1.01,
2010-04-06,48.75,0.3,0.76,1.01,
2010-04-07,48.63,0.3,0.77,1.01,
2010-04-08,48.74,0.3,0.74,1.01,
2010-04-09,49.03,0.3,0.76,1.03,
2010-04-12,49.07,0.31,0.78,1.04,
2010-04-13,49.32,0.31,0.79,1.05,
2010-04-14,49.91,0.32,0.89,1.11,
2010-04-15,50.13,0.33,0.9,1.13,
2010-04-16,49.53,0.31,0.87,1.08,
2010-04-19,49.5,0.31,0.84,1.08,
2010-04-20,49.75,0.32,0.88,1.1,
2010-04-21,50.03,0.32,0.85,1.11,
2010-04-22,50.31,0.33,0.9,1.12,
2010-04-23,50.52,0.33,0.91,1.13,
2010-04-26,50.41,0.33,0.91,1.13,
2010-04-27,49.34,0.31,0.82,1.06,
2010-04-28,49.37,0.31,0.83,1.07,
2010-04-29,50.23,0.33,0.86,1.1,
2010-04-30,49.24,0.31,0.75,1.03,
2010-05-03,49.93,0.32,0.8,1.07,
2010-05-04,48.43,0.29,0.7,0.98,
2010-05-05,48.18,0.29,0.67,0.96,
2010-05-06,46.57,0.26,0.62,0.86,
2010-05-07,45.41,0.24,0.58,0.8,
2010-05-10,47.77,0.28,0.68,0.92,
2010-05-11,47.72,0.28,0.67,0.91,
2010-05-12,48.62,0.29,0.72,0.98,
2010-05-13,47.85,0.28,0.66,0.94,
2010-05-14,46.93,0.26,0.6,0.89,
2010-05-17,47.08,0.26,0.63,0.89,
2010-05-18,46.43,0.25,0.58,0.86,
2010-05-19,46.06,0.25,0.59,0.84,
2010-05-20,44.35,0.22,0.54,0.75,
2010-05-21,44.84,0.22,0.57,0.77,
2010-05-24,44.66,0.23,0.54,0.75,
2010-05-25,44.7,0.22,0.55,0.75,
2010-05-26,44.2,0.22,0.55,0.73,
2010-05-27,45.87,0.24,0.63,0.81,
2010-05-28,45.6,0.24,0.6,0.79,
2010-06-01,45.18,0.23,0.56,0.76,
2010-06-02,46.25,0.25,0.62,0.82,
2010-06-03,46.69,0.25,0.65,0.84,
2010-06-04,45.09,0.23,0.56,0.76,
2010-06-07,44.27,0.21,0.5,0.72,
2010-06-08,44.19,0.21,0.49,0.71,
2010-06-09,43.82,0.21,0.48,0.7,
2010-06-10,45.07,0.23,0.54,0.75,
2010-06-11,45.5,0.23,0.56,0.77,
2010-06-14,45.49,0.23,0.57,0.77,
2010-06-15,46.71,0.25,0.67,0.84,
2010-06-16,46.9,0.25,0.67,0.85,
2010-06-17,47.05,0.26,0.67,0.86,
2010-06-18,47.0,0.26,0.67,0.86,
2010-06-21,46.6,0.25,0.65,0.83,
2010-06-22,46.24,0.24,0.61,0.8,
2010-06-23,46.05,0.24,0.62,0.79,
2010-06-24,45.35,0.23,0.57,0.75,
2010-06-25,45.27,0.23,0.57,0.74,
2010-06-28,45.11,0.23,0.57,0.74,
2010-06-29,43.37,0.2,0.5,0.66,
2010-06-30,42.71,0.19,0.47,0.62,
2010-07-01,42.59,0.19,0.47,0.62,
2010-07-02,42.47,0.19,0.47,0.61,
2010-07-06,42.6,0.19,0.47,0.63,
2010-07-07,43.96,0.21,0.54,0.7,
2010-07-08,44.2,0.21,0.54,0.71,
2010-07-09,44.62,0.22,0.55,0.72,
2010-07-12,44.75,0.22,0.58,0.73,
2010-07-13,45.33,0.23,0.61,0.77,
2010-07-14,45.56,0.23,0.61,0.79,
2010-07-15,45.6,0.23,0.6,0.79,
2010-07-16,44.34,0.21,0.54,0.72,
2010-07-19,44.72,0.22,0.58,0.75,
2010-07-20,45.26,0.23,0.58,0.76,
2010-07-21,44.64,0.22,0.55,0.73,
2010-07-22,45.77,0.23,0.6,0.78,
2010-07-23,46.06,0.24,0.61,0.8,
2010-07-26,46.44,0.24,0.63,0.82,
2010-07-27,46.42,0.24,0.62,0.82,
2010-07-28,46.05,0.24,0.59,0.79,
2010-07-29,45.71,0.23,0.55,0.77,
2010-07-30,45.81,0.23,0.54,0.76,
2010-08-02,46.67,0.25,0.56,0.81,
2010-08-03,46.47,0.24,0.55,0.8,
2010-08-04,46.94,0.25,0.56,0.82,
2010-08-05,46.83,0.25,0.55,0.81,
2010-08-06,46.76,0.25,0.55,0.8,
2010-08-09,47.08,0.25,0.56,0.81,
2010-08-10,46.67,0.25,0.52,0.77,
2010-08-11,45.4,0.23,0.45,0.71,
2010-08-12,45.04,0.22,0.44,0.67,
2010-08-13,44.72,0.22,0.42,0.66,
2010-08-16,44.8,0.22,0.43,0.67,
2010-08-17,45.37,0.23,0.44,0.69,
2010-08-18,45.55,0.23,0.46,0.7,
2010-08-19,44.86,0.22,0.43,0.68,
2010-08-20,44.92,0.22,0.44,0.68,
2010-08-23,44.48,0.21,0.42,0.66,
2010-08-24,43.65,0.2,0.4,0.62,
2010-08-25,44.07,0.21,0.41,0.63,
2010-08-26,43.54,0.2,0.39,0.61,
2010-08-27,44.07,0.21,0.41,0.64,
2010-08-30,43.61,0.2,0.38,0.61,
2010-08-31,43.46,0.2,0.36,0.6,
2010-09-01,44.76,0.22,0.39,0.65,
2010-09-02,45.26,0.22,0.42,0.67,
2010-09-03,46.01,0.23,0.44,0.7,
2010-09-07,45.7,0.23,0.41,0.69,
2010-09-08,46.25,0.24,0.41,0.69,
2010-09-09,46.43,0.24,0.41,0.7,
2010-09-10,46.6,0.24,0.39,0.7,
2010-09-13,47.25,0.25,0.43,0.74,
2010-09-14,47.45,0.26,0.45,0.76,
2010-09-15,47.75,0.26,0.45,0.77,
2010-09-16,47.94,0.26,0.46,0.78,
2010-09-17,47.99,0.27,0.46,0.79,
2010-09-20,48.83,0.28,0.47,0.82,
2010-09-21,48.82,0.28,0.46,0.82,
2010-09-22,48.69,0.28,0.44,0.8,
2010-09-23,48.67,0.28,0.45,0.81,
2010-09-24,49.66,0.29,0.5,0.86,
2010-09-27,49.39,0.29,0.5,0.85,
2010-09-28,49.37,0.29,0.52,0.86,
2010-09-29,49.29,0.29,0.53,0.86,
2010-09-30,49.07,0.28,0.52,0.84,
2010-10-01,49.01,0.28,0.51,0.84,
2010-10-04,48.48,0.27,0.49,0.81,
2010-10-05,49.66,0.29,0.52,0.86,
2010-10-06,49.23,0.29,0.51,0.85,
2010-10-07,49.41,0.29,0.51,0.85,
2010-10-08,49.75,0.3,0.52,0.87,
2010-10-11,49.77,0.3,0.53,0.87,
2010-10-12,50.11,0.3,0.54,0.89,
2010-10-13,50.52,0.31,0.55,0.92,
2010-10-14,50.42,0.31,0.54,0.92,
2010-10-15,51.49,0.33,0.55,0.97,
2010-10-18,51.3,0.33,0.54,0.98,
2010-10-19,50.82,0.31,0.52,0.93,
2010-10-20,51.19,0.32,0.53,0.95,
2010-10-21,51.29,0.32,0.52,0.95,
2010-10-22,51.64,0.33,0.55,0.97,
2010-10-25,51.89,0.33,0.57,0.98,
2010-10-26,52.03,0.34,0.56,0.98,
2010-10-27,52.19,0.34,0.61,1.0,
2010-10-28,52.3,0.34,0.61,1.0,
2010-10-29,52.18,0.34,0.63,1.01,
2010-11-01,52.22,0.34,0.62,1.02,
2010-11-02,52.78,0.35,0.63,1.04,
2010-11-03,53.02,0.36,0.65,1.06,
2010-11-04,53.67,0.37,0.71,1.11,
2010-11-05,53.67,0.37,0.73,1.11,
2010-11-08,53.74,0.37,0.73,1.12,
2010-11-09,53.45,0.36,0.7,1.1,
2010-11-10,53.72,0.37,0.7,1.11,
2010-11-11,53.38,0.36,0.68,1.05,
2010-11-12,52.51,0.35,0.67,1.01,
2010-11-15,52.31,0.34,0.66,1.0,
2010-11-16,51.45,0.32,0.63,0.94,
2010-11-17,51.6,0.33,0.63,0.94,
2010-11-18,52.43,0.34,0.66,0.99,
2010-11-19,52.47,0.34,0.7,1.0,
2010-11-22,52.91,0.35,0.72,1.02,
2010-11-23,52.07,0.34,0.7,0.98,
2010-11-24,53.12,0.36,0.76,1.03,
2010-11-26,52.77,0.35,0.75,1.02,
2010-11-29,52.73,0.35,0.74,1.0,
2010-11-30,52.09,0.34,0.71,0.96,
2010-12-01,53.19,0.36,0.78,1.02,
2010-12-02,53.73,0.37,0.83,1.07,
2010-12-03,53.87,0.37,0.84,1.08,
2010-12-06,53.85,0.37,0.83,1.08,
2010-12-07,53.88,0.37,0.83,1.08,
2010-12-08,54.08,0.38,0.86,1.1,
2010-12-09,54.13,0.38,0.86,1.1,
2010-12-10,54.49,0.38,0.86,1.12,
2010-12-13,54.3,0.38,0.85,1.1,
2010-12-14,54.4,0.38,0.83,1.1,
2010-12-15,54.16,0.38,0.8,1.09,
2010-12-16,54.58,0.38,0.81,1.11,
2010-12-17,54.52,0.39,0.83,1.12,
2010-12-20,54.56,0.39,0.82,1.12,
2010-12-21,54.89,0.39,0.84,1.15,
2010-12-22,54.88,0.39,0.84,1.14,
2010-12-23,54.74,0.39,0.83,1.14,
2010-12-27,54.77,0.39,0.84,1.14,
2010-12-28,54.67,0.39,0.83,1.14,
2010-12-29,54.79,0.39,0.83,1.15,
2010-12-30,54.66,0.39,0.84,1.14,
2010-12-31,54.46,0.39,0.83,1.14,
2011-01-03,55.31,0.4,0.85,1.17,
2011-01-04,55.27,0.4,0.85,1.18,
2011-01-05,55.74,0.41,0.86,1.2,
2011-01-06,55.92,0.42,0.91,1.23,
2011-01-07,55.87,0.41,0.92,1.22,
2011-01-10,56.08,0.42,0.95,1.23,
2011-01-11,56.16,0.42,0.96,1.24,
2011-01-12,56.56,0.43,1.01,1.27,
2011-01-13,56.58,0.43,1.01,1.27,
2011-01-14,57.0,0.44,1.09,1.3,
2011-01-18,57.16,0.44,1.08,1.31,
2011-01-19,56.51,0.43,1.0,1.28,
2011-01-20,56.11,0.42,0.97,1.25,
2011-01-21,55.68,0.41,0.95,1.23,
2011-01-24,56.45,0.43,1.02,1.28,
2011-01-25,56.53,0.43,1.0,1.29,
2011-01-26,56.83,0.43,1.03,1.31,
2011-01-27,57.18,0.44,1.08,1.34,
2011-01-28,55.73,0.41,0.99,1.25,
2011-01-31,56.0,0.42,1.01,1.27,
2011-02-01,57.05,0.44,1.08,1.33,
2011-02-02,56.96,0.44,1.1,1.34,
2011-02-03,57.06,0.44,1.1,1.35,
2011-02-04,57.38,0.45,1.16,1.38,
2011-02-07,57.65,0.45,1.15,1.4,
2011-02-08,58.03,0.46,1.15,1.42,
2011-02-09,57.93,0.46,1.13,1.41,
2011-02-10,58.02,0.46,1.14,1.38,
2011-02-11,58.44,0.47,1.16,1.4,
2011-02-14,58.58,0.47,1.19,1.41,
2011-02-15,58.5,0.47,1.16,1.39,
2011-02-16,58.88,0.48,1.19,1.42,
2011-02-17,58.86,0.48,1.24,1.42,
2011-02-18,58.73,0.48,1.23,1.42,
2011-02-22,57.03,0.44,1.08,1.31,
2011-02-23,56.56,0.43,1.03,1.25,
2011-02-24,56.86,0.43,1.08,1.27,
2011-02-25,57.65,0.45,1.16,1.32,
2011-02-28,57.77,0.45,1.12,1.33,
2011-03-01,56.84,0.43,1.06,1.26,
2011-03-02,57.14,0.44,1.1,1.27,
2011-03-03,58.27,0.46,1.16,1.34,
2011-03-04,57.97,0.46,1.13,1.31,
2011-03-07,57.19,0.44,1.03,1.26,
2011-03-08,57.42,0.44,1.04,1.28,
2011-03-09,57.03,0.43,0.95,1.25,
2011-03-10,56.14,0.41,0.88,1.17,
2011-03-11,56.49,0.42,0.9,1.19,
2011-03-14,56.29,0.42,0.89,1.18,
2011-03-15,55.49,0.4,0.86,1.13,
2011-03-16,54.15,0.37,0.81,1.04,
2011-03-17,54.65,0.38,0.84,1.06,
2011-03-18,54.45,0.38,0.84,1.07,
2011-03-21,55.5,0.4,0.89,1.12,
2011-03-22,55.4,0.4,0.87,1.1,
2011-03-23,55.71,0.41,0.89,1.12,
2011-03-24,56.7,0.43,0.96,1.17,
2011-03-25,56.84,0.43,0.95,1.18,
2011-03-28,56.53,0.42,0.95,1.16,
2011-03-29,57.08,0.44,0.98,1.18,
2011-03-30,57.35,0.44,0.98,1.19,
2011-03-31,57.43,0.44,0.96,1.18,
2011-04-01,57.46,0.44,0.92,1.18,
2011-04-04,57.27,0.44,0.9,1.15,
2011-04-05,57.12,0.43,0.96,1.15,
2011-04-06,57.26,0.44,1.01,1.18,
2011-04-07,57.22,0.44,0.99,1.18,
2011-04-08,56.95,0.43,0.97,1.16,
2011-04-11,56.76,0.43,0.94,1.15,
2011-04-12,56.37,0.42,0.88,1.12,
2011-04-13,56.85,0.43,0.89,1.14,
2011-04-14,56.75,0.43,0.89,1.13,
2011-04-15,56.65,0.42,0.91,1.12,
2011-04-18,56.25,0.42,0.86,1.09,
2011-04-19,56.6,0.42,0.87,1.1,
2011-04-20,57.88,0.45,0.98,1.19,
2011-04-21,58.34,0.46,0.98,1.22,
2011-04-25,58.49,0.47,0.98,1.23,
2011-04-26,58.82,0.47,1.03,1.26,
2011-04-27,59.22,0.48,1.03,1.28,
2011-04-28,59.13,0.48,1.01,1.28,
2011-04-29,59.08,0.48,1.02,1.28,
2011-05-02,58.97,0.48,0.99,1.26,
2011-05-03,58.69,0.47,0.96,1.25,
2011-05-04,58.6,0.47,0.96,1.25,
2011-05-05,58.28,0.46,0.96,1.23,
2011-05-06,58.47,0.47,0.99,1.24,
2011-05-09,58.69,0.47,0.98,1.25,
2011-05-10,59.19,0.48,0.99,1.28,
2011-05-11,58.76,0.47,0.97,1.25,
2011-05-12,59.11,0.48,1.01,1.28,
2011-05-13,58.41,0.46,0.97,1.23,
2011-05-16,57.4,0.44,0.93,1.17,
2011-05-17,57.56,0.44,0.89,1.16,
2011-05-18,58.04,0.45,0.94,1.19,
2011-05-19,58.21,0.46,0.92,1.2,
2011-05-20,57.77,0.45,0.91,1.18,
2011-05-23,56.92,0.43,0.86,1.13,
2011-05-24,56.57,0.42,0.84,1.11,
2011-05-25,56.79,0.43,0.86,1.13,
2011-05-26,57.14,0.43,0.88,1.15,
2011-05-27,57.43,0.44,0.91,1.17,
2011-05-31,58.36,0.46,0.95,1.22,
2011-06-01,57.09,0.43,0.87,1.14,
2011-06-02,57.21,0.43,0.87,1.14,
2011-06-03,56.35,0.41,0.82,1.09,
2011-06-06,55.89,0.4,0.8,1.07,
2011-06-07,55.79,0.4,0.81,1.06,
2011-06-08,55.39,0.39,0.76,1.03,
2011-06-09,55.49,0.39,0.77,1.03,
2011-06-10,54.64,0.38,0.73,0.99,
2011-06-13,54.64,0.38,0.71,0.98,
2011-06-14,55.34,0.39,0.75,1.02,
2011-06-15,54.29,0.37,0.7,0.97,
2011-06-16,54.08,0.36,0.68,0.95,
2011-06-17,53.79,0.36,0.65,0.94,
2011-06-20,54.07,0.37,0.65,0.95,
2011-06-21,55.23,0.39,0.7,1.01,
2011-06-22,54.83,0.38,0.69,0.99,
2011-06-23,55.34,0.39,0.72,1.02,
2011-06-24,54.38,0.37,0.67,0.96,
2011-06-27,55.25,0.39,0.68,1.0,
2011-06-28,56.07,0.41,0.71,1.04,
2011-06-29,56.3,0.41,0.71,1.05,
2011-06-30,57.05,0.43,0.76,1.1,
2011-07-01,57.91,0.45,0.81,1.15,
2011-07-05,58.2,0.45,0.79,1.16,
2011-07-06,58.39,0.46,0.77,1.18,
2011-07-07,59.19,0.48,0.82,1.22,
2011-07-08,59.03,0.47,0.78,1.21,
2011-07-11,57.96,0.45,0.74,1.14,
2011-07-12,57.52,0.44,0.68,1.11,
2011-07-13,57.76,0.44,0.67,1.12,
2011-07-14,57.09,0.43,0.64,1.09,
2011-07-15,57.85,0.45,0.65,1.13,
2011-07-18,57.54,0.44,0.62,1.12,
2011-07-19,58.85,0.47,0.68,1.21,
2011-07-20,58.6,0.46,0.68,1.19,
2011-07-21,58.99,0.47,0.69,1.21,
2011-07-22,59.6,0.49,0.74,1.26,
2011-07-25,59.48,0.48,0.71,1.25,
2011-07-26,59.63,0.49,0.73,1.26,
2011-07-27,58.09,0.45,0.65,1.15,
2011-07-28,58.19,0.45,0.65,1.15,
2011-07-29,58.0,0.45,0.63,1.13,
2011-08-01,57.73,0.44,0.63,1.12,
2011-08-02,56.27,0.41,0.57,1.04,
2011-08-03,56.81,0.42,0.59,1.08,
2011-08-04,54.17,0.36,0.49,0.93,
2011-08-05,53.83,0.35,0.46,0.9,
2011-08-08,50.59,0.29,0.39,0.75,
2011-08-09,53.03,0.33,0.44,0.85,
2011-08-10,50.86,0.29,0.41,0.75,
2011-08-11,53.1,0.33,0.47,0.85,
2011-08-12,53.57,0.34,0.47,0.87,
2011-08-15,54.36,0.35,0.5,0.92,
2011-08-16,53.9,0.34,0.47,0.88,
2011-08-17,53.58,0.34,0.46,0.86,
2011-08-18,50.95,0.29,0.38,0.73,
2011-08-19,50.03,0.27,0.36,0.67,
2011-08-22,50.21,0.28,0.37,0.68,
2011-08-23,52.28,0.31,0.42,0.76,
2011-08-24,52.69,0.32,0.42,0.77,
2011-08-25,51.83,0.3,0.39,0.74,
2011-08-26,53.13,0.32,0.42,0.79,
2011-08-29,54.61,0.35,0.47,0.86,
2011-08-30,54.97,0.36,0.47,0.86,
2011-08-31,55.06,0.36,0.46,0.87,
2011-09-01,54.56,0.35,0.43,0.84,
2011-09-02,53.28,0.33,0.4,0.78,
2011-09-06,53.29,0.33,0.4,0.76,
2011-09-07,54.64,0.35,0.45,0.83,
2011-09-08,54.39,0.34,0.44,0.82,
2011-09-09,53.18,0.32,0.43,0.76,
2011-09-12,53.86,0.33,0.46,0.79,
2011-09-13,54.58,0.35,0.49,0.82,
2011-09-14,55.36,0.36,0.53,0.87,
2011-09-15,56.18,0.38,0.55,0.91,
2011-09-16,56.59,0.39,0.56,0.93,
2011-09-19,56.61,0.39,0.54,0.93,
2011-09-20,56.36,0.38,0.52,0.92,
2011-09-21,55.38,0.36,0.49,0.88,
2011-09-22,53.58,0.33,0.44,0.8,
2011-09-23,54.15,0.34,0.46,0.82,
2011-09-26,54.78,0.35,0.46,0.86,
2011-09-27,55.35,0.36,0.49,0.89,
2011-09-28,54.53,0.34,0.44,0.85,
2011-09-29,53.88,0.33,0.43,0.84,
2011-09-30,52.49,0.31,0.38,0.77,
2011-10-03,51.14,0.28,0.34,0.71,
2011-10-04,52.19,0.3,0.38,0.76,
2011-10-05,53.53,0.32,0.42,0.82,
2011-10-06,54.43,0.34,0.43,0.86,
2011-10-07,54.07,0.33,0.44,0.84,
2011-10-10,55.94,0.37,0.48,0.93,
2011-10-11,56.32,0.38,0.47,0.95,
2011-10-12,56.6,0.38,0.49,0.96,
2011-10-13,57.12,0.39,0.52,0.99,
2011-10-14,58.18,0.41,0.53,1.06,
2011-10-17,57.28,0.39,0.49,1.0,
2011-10-18,57.99,0.41,0.52,1.03,
2011-10-19,56.87,0.39,0.49,0.96,
2011-10-20,56.59,0.38,0.46,0.95,
2011-10-21,57.3,0.39,0.49,0.98,
2011-10-24,58.49,0.42,0.54,1.04,
2011-10-25,57.34,0.4,0.51,0.99,
2011-10-26,57.27,0.39,0.52,1.01,
2011-10-27,58.85,0.43,0.59,1.1,
2011-10-28,58.94,0.43,0.59,1.1,
2011-10-31,57.95,0.41,0.55,1.04,
2011-11-01,56.44,0.37,0.5,0.96,
2011-11-02,56.92,0.38,0.5,0.99,
2011-11-03,58.1,0.41,0.55,1.06,
2011-11-04,57.8,0.4,0.57,1.05,
2011-11-07,58.21,0.41,0.56,1.07,
2011-11-08,58.88,0.42,0.57,1.1,
2011-11-09,56.81,0.38,0.5,0.98,
2011-11-10,56.78,0.38,0.51,0.98,
2011-11-11,57.85,0.4,0.56,1.04,
2011-11-14,57.49,0.39,0.54,1.03,
2011-11-15,58.13,0.4,0.56,1.07,
2011-11-16,57.17,0.38,0.55,1.03,
2011-11-17,55.83,0.36,0.49,0.96,
2011-11-18,55.4,0.35,0.48,0.93,
2011-11-21,54.34,0.33,0.45,0.88,
2011-11-22,54.52,0.33,0.43,0.87,
2011-11-23,53.29,0.31,0.39,0.81,
2011-11-25,52.88,0.3,0.38,0.79,
2011-11-28,54.72,0.33,0.41,0.87,
2011-11-29,54.38,0.33,0.41,0.86,
2011-11-30,56.39,0.36,0.47,0.96,
2011-12-01,56.78,0.37,0.48,0.97,
2011-12-02,56.62,0.37,0.48,0.97,
2011-12-05,57.24,0.38,0.49,1.01,
2011-12-06,57.08,0.38,0.49,1.01,
2011-12-07,57.08,0.38,0.51,1.01,
2011-12-08,56.12,0.36,0.47,0.96,
2011-12-09,57.02,0.38,0.48,1.0,
2011-12-12,56.38,0.36,0.44,0.96,
2011-12-13,55.76,0.35,0.41,0.93,
2011-12-14,54.89,0.34,0.39,0.88,
2011-12-15,54.74,0.33,0.39,0.87,
2011-12-16,54.86,0.34,0.4,0.88,
2011-12-19,54.32,0.33,0.37,0.85,
2011-12-20,55.93,0.36,0.41,0.92,
2011-12-21,55.13,0.34,0.4,0.87,
2011-12-22,55.6,0.35,0.44,0.9,
2011-12-23,56.08,0.36,0.45,0.92,
2011-12-27,56.24,0.36,0.45,0.93,
2011-12-28,55.59,0.35,0.43,0.9,
2011-12-29,55.99,0.36,0.44,0.92,
2011-12-30,55.83,0.35,0.43,0.91,
2012-01-03,56.9,0.37,0.45,0.95,
2012-01-04,57.14,0.38,0.45,0.97,
2012-01-05,57.61,0.39,0.47,0.99,
2012-01-06,57.81,0.39,0.47,0.99,
2012-01-09,57.62,0.39,0.5,0.99,
2012-01-10,58.04,0.4,0.51,1.0,
2012-01-11,58.16,0.4,0.52,1.01,
2012-01-12,58.39,0.4,0.54,1.02,
2012-01-13,58.18,0.4,0.5,1.0,
2012-01-17,58.71,0.41,0.51,1.01,
2012-01-18,59.49,0.43,0.58,1.07,
2012-01-19,59.86,0.44,0.62,1.09,
2012-01-20,59.77,0.43,0.63,1.1,
2012-01-23,59.79,0.43,0.62,1.12,
2012-01-24,59.68,0.43,0.63,1.12,
2012-01-25,60.43,0.45,0.64,1.15,
2012-01-26,60.22,0.44,0.62,1.13,
2012-01-27,60.4,0.45,0.62,1.14,
2012-01-30,60.45,0.45,0.6,1.15,
2012-01-31,60.53,0.45,0.61,1.16,
2012-02-01,61.02,0.46,0.65,1.19,
2012-02-02,61.21,0.47,0.66,1.2,
2012-02-03,62.05,0.48,0.69,1.25,
2012-02-06,62.0,0.48,0.66,1.25,
2012-02-07,62.13,0.49,0.66,1.26,
2012-02-08,62.46,0.49,0.69,1.29,
2012-02-09,62.91,0.5,0.7,1.33,
2012-02-10,62.47,0.49,0.65,1.29,
2012-02-13,63.05,0.51,0.66,1.32,
2012-02-14,63.21,0.51,0.67,1.33,
2012-02-15,62.77,0.5,0.68,1.31,
2012-02-16,63.63,0.52,0.73,1.37,
2012-02-17,63.43,0.52,0.71,1.36,
2012-02-21,63.61,0.52,0.68,1.38,
2012-02-22,63.32,0.51,0.67,1.36,
2012-02-23,63.74,0.52,0.68,1.37,
2012-02-24,63.96,0.53,0.67,1.39,
2012-02-27,64.05,0.53,0.67,1.4,
2012-02-28,64.7,0.55,0.71,1.43,
2012-02-29,64.41,0.54,0.67,1.41,
2012-03-01,64.92,0.55,0.67,1.44,
2012-03-02,64.87,0.55,0.65,1.43,
2012-03-05,64.2,0.53,0.6,1.38,
2012-03-06,63.57,0.52,0.59,1.34,
2012-03-07,64.06,0.53,0.61,1.37,
2012-03-08,64.75,0.55,0.64,1.41,
2012-03-09,65.02,0.55,0.66,1.43,
2012-03-12,65.05,0.55,0.64,1.44,
2012-03-13,66.26,0.59,0.68,1.53,
2012-03-14,66.49,0.59,0.68,1.56,
2012-03-15,66.68,0.6,0.72,1.57,
2012-03-16,66.52,0.6,0.72,1.57,
2012-03-19,66.99,0.61,0.74,1.61,
2012-03-20,67.11,0.61,0.72,1.61,
2012-03-21,67.12,0.61,0.73,1.6,
2012-03-22,66.98,0.61,0.72,1.59,
2012-03-23,66.94,0.61,0.72,1.59,
2012-03-26,68.11,0.64,0.75,1.66,
2012-03-27,68.21,0.64,0.75,1.67,
2012-03-28,67.94,0.63,0.72,1.66,
2012-03-29,67.68,0.63,0.73,1.65,
2012-03-30,67.55,0.62,0.73,1.64,
2012-04-02,68.25,0.64,0.73,1.69,
2012-04-03,68.23,0.64,0.7,1.68,
2012-04-04,67.3,0.62,0.65,1.61,
2012-04-05,67.72,0.63,0.66,1.62,
2012-04-09,67.21,0.61,0.63,1.59,
2012-04-10,66.13,0.58,0.6,1.53,
2012-04-11,66.45,0.59,0.63,1.55,
2012-04-12,67.21,0.61,0.66,1.61,
2012-04-13,66.19,0.58,0.62,1.53,
2012-04-16,65.45,0.57,0.63,1.47,
2012-04-17,66.78,0.6,0.65,1.57,
2012-04-18,66.61,0.59,0.64,1.54,
2012-04-19,65.86,0.58,0.62,1.47,
2012-04-20,65.68,0.57,0.57,1.44,
2012-04-23,65.08,0.55,0.55,1.41,
2012-04-24,64.73,0.54,0.54,1.38,
2012-04-25,66.45,0.59,0.58,1.51,
2012-04-26,66.84,0.6,0.61,1.54,
2012-04-27,67.24,0.61,0.62,1.54,
2012-04-30,66.76,0.6,0.61,1.5,
2012-05-01,66.87,0.6,0.61,1.51,
2012-05-02,67.06,0.6,0.62,1.52,
2012-05-03,66.35,0.58,0.58,1.48,
2012-05-04,64.7,0.54,0.54,1.37,
2012-05-07,64.76,0.54,0.54,1.36,
2012-05-08,64.52,0.54,0.53,1.34,
2012-05-09,64.32,0.53,0.52,1.34,
2012-05-10,64.19,0.53,0.52,1.3,
2012-05-11,64.18,0.53,0.53,1.3,
2012-05-14,63.58,0.51,0.51,1.26,
2012-05-15,63.37,0.51,0.49,1.25,
2012-05-16,62.94,0.5,0.47,1.22,
2012-05-17,61.61,0.47,0.44,1.15,
2012-05-18,60.81,0.45,0.41,1.1,
2012-05-21,62.51,0.49,0.44,1.2,
2012-05-22,62.44,0.48,0.44,1.19,
2012-05-23,62.56,0.49,0.44,1.2,
2012-05-24,62.15,0.48,0.42,1.16,
2012-05-25,62.07,0.48,0.44,1.15,
2012-05-29,62.86,0.49,0.47,1.2,
2012-05-30,62.33,0.48,0.44,1.18,
2012-05-31,62.06,0.47,0.43,1.16,
2012-06-01,60.41,0.44,0.38,1.06,
2012-06-04,60.87,0.45,0.37,1.07,
2012-06-05,61.12,0.45,0.4,1.09,
2012-06-06,62.52,0.48,0.44,1.18,
2012-06-07,62.27,0.48,0.42,1.16,
2012-06-08,62.87,0.49,0.44,1.2,
2012-06-11,61.81,0.47,0.41,1.13,
2012-06-12,62.56,0.48,0.44,1.17,
2012-06-13,62.13,0.47,0.42,1.15,
2012-06-14,62.36,0.48,0.42,1.15,
2012-06-15,62.99,0.5,0.44,1.2,
2012-06-18,63.58,0.51,0.46,1.22,
2012-06-19,64.24,0.53,0.48,1.25,
2012-06-20,64.29,0.53,0.49,1.26,
2012-06-21,62.69,0.49,0.43,1.16,
2012-06-22,63.35,0.5,0.45,1.2,
2012-06-25,62.13,0.47,0.41,1.12,
2012-06-26,62.52,0.48,0.41,1.13,
2012-06-27,62.9,0.49,0.43,1.15,
2012-06-28,62.2,0.47,0.42,1.11,
2012-06-29,64.16,0.52,0.47,1.21,
2012-07-02,64.35,0.52,0.47,1.23,
2012-07-03,64.89,0.54,0.49,1.25,
2012-07-05,64.93,0.54,0.48,1.26,
2012-07-06,64.12,0.52,0.44,1.2,
2012-07-09,64.0,0.52,0.43,1.19,
2012-07-10,63.37,0.5,0.4,1.15,
2012-07-11,63.02,0.49,0.38,1.14,
2012-07-12,62.43,0.48,0.37,1.1,
2012-07-13,63.38,0.5,0.38,1.15,
2012-07-16,63.2,0.5,0.36,1.14,
2012-07-17,63.53,0.5,0.36,1.15,
2012-07-18,64.39,0.52,0.39,1.21,
2012-07-19,65.1,0.54,0.42,1.25,
2012-07-20,64.24,0.52,0.4,1.21,
2012-07-23,63.46,0.5,0.39,1.17,
2012-07-24,62.96,0.49,0.38,1.13,
2012-07-25,62.54,0.48,0.4,1.12,
2012-07-26,63.37,0.5,0.43,1.17,
2012-07-27,64.87,0.54,0.46,1.25,
2012-07-30,64.82,0.53,0.45,1.25,
2012-07-31,64.8,0.53,0.46,1.27,
2012-08-01,64.61,0.53,0.46,1.25,
2012-08-02,64.38,0.52,0.46,1.23,
2012-08-03,65.6,0.55,0.48,1.3,
2012-08-06,66.1,0.56,0.49,1.32,
2012-08-07,66.65,0.58,0.52,1.35,
2012-08-08,66.62,0.58,0.53,1.36,
2012-08-09,66.82,0.58,0.54,1.37,
2012-08-10,66.86,0.58,0.55,1.38,
2012-08-13,67.02,0.59,0.53,1.39,
2012-08-14,67.05,0.59,0.52,1.38,
2012-08-15,67.22,0.59,0.53,1.38,
2012-08-16,68.02,0.61,0.56,1.44,
2012-08-17,68.32,0.62,0.55,1.46,
2012-08-20,68.42,0.62,0.53,1.47,
2012-08-21,68.15,0.62,0.53,1.44,
2012-08-22,68.43,0.62,0.52,1.45,
2012-08-23,67.87,0.61,0.51,1.41,
2012-08-24,68.29,0.62,0.52,1.43,
2012-08-27,68.4,0.62,0.51,1.44,
2012-08-28,68.4,0.62,0.51,1.43,
2012-08-29,68.4,0.62,0.51,1.44,
2012-08-30,67.71,0.61,0.49,1.39,
2012-08-31,68.16,0.62,0.51,1.42,
2012-09-04,68.09,0.62,0.5,1.42,
2012-09-05,68.02,0.61,0.48,1.42,
2012-09-06,69.53,0.65,0.54,1.51,
2012-09-07,69.43,0.65,0.53,1.51,
2012-09-10,68.54,0.63,0.5,1.46,
2012-09-11,68.43,0.62,0.51,1.47,
2012-09-12,68.63,0.63,0.51,1.49,
2012-09-13,69.56,0.65,0.52,1.55,
2012-09-14,70.18,0.67,0.54,1.58,
2012-09-17,70.21,0.67,0.53,1.58,
2012-09-18,70.27,0.67,0.52,1.58,
2012-09-19,70.4,0.68,0.51,1.59,
2012-09-20,70.33,0.68,0.5,1.58,
2012-09-21,70.15,0.68,0.5,1.58,
2012-09-24,69.74,0.66,0.48,1.55,
2012-09-25,68.76,0.64,0.44,1.49,
2012-09-26,68.2,0.62,0.43,1.46,
2012-09-27,69.14,0.65,0.46,1.52,
2012-09-28,68.57,0.63,0.45,1.48,
2012-10-01,68.47,0.63,0.45,1.47,
2012-10-02,68.67,0.63,0.45,1.48,
2012-10-03,69.11,0.64,0.45,1.5,
2012-10-04,69.35,0.65,0.46,1.51,
2012-10-05,68.98,0.64,0.45,1.49,
2012-10-08,68.35,0.62,0.44,1.44,
2012-10-09,67.26,0.59,0.42,1.39,
2012-10-10,66.92,0.58,0.4,1.37,
2012-10-11,66.71,0.58,0.4,1.36,
2012-10-12,66.68,0.58,0.4,1.35,
2012-10-15,67.17,0.59,0.41,1.37,
2012-10-16,68.12,0.62,0.44,1.43,
2012-10-17,68.08,0.62,0.44,1.41,
2012-10-18,67.29,0.59,0.43,1.36,
2012-10-19,65.68,0.55,0.39,1.26,
2012-10-22,66.02,0.56,0.39,1.29,
2012-10-23,65.39,0.54,0.39,1.25,
2012-10-24,65.16,0.54,0.38,1.23,
2012-10-25,65.16,0.54,0.39,1.22,
2012-10-26,65.35,0.54,0.4,1.22,
2012-10-31,64.95,0.53,0.4,1.21,
2012-11-01,65.87,0.56,0.44,1.27,
2012-11-02,65.17,0.54,0.41,1.22,
2012-11-05,65.6,0.55,0.43,1.24,
2012-11-06,65.72,0.55,0.45,1.26,
2012-11-07,64.17,0.51,0.42,1.16,
2012-11-08,63.16,0.49,0.4,1.11,
2012-11-09,63.43,0.49,0.4,1.13,
2012-11-12,63.42,0.49,0.4,1.12,
2012-11-13,62.98,0.48,0.39,1.1,
2012-11-14,62.24,0.47,0.38,1.07,
2012-11-15,62.03,0.46,0.36,1.05,
2012-11-16,62.3,0.47,0.36,1.06,
2012-11-19,63.78,0.5,0.38,1.14,
2012-11-20,63.8,0.5,0.38,1.13,
2012-11-21,63.93,0.5,0.38,1.14,
2012-11-23,64.9,0.53,0.4,1.2,
2012-11-26,65.18,0.53,0.41,1.21,
2012-11-27,64.96,0.53,0.4,1.19,
2012-11-28,65.52,0.54,0.42,1.21,
2012-11-29,65.91,0.55,0.42,1.23,
2012-11-30,65.8,0.55,0.42,1.23,
2012-12-03,65.67,0.55,0.41,1.22,
2012-12-04,65.63,0.54,0.42,1.21,
2012-12-05,64.9,0.53,0.42,1.18,
2012-12-06,65.32,0.54,0.43,1.2,
2012-12-07,64.93,0.53,0.43,1.18,
2012-12-10,65.12,0.53,0.44,1.19,
2012-12-11,65.97,0.55,0.47,1.24,
2012-12-12,65.83,0.55,0.46,1.23,
2012-12-13,65.31,0.54,0.45,1.21,
2012-12-14,64.69,0.52,0.44,1.17,
2012-12-17,65.55,0.54,0.45,1.21,
2012-12-18,66.55,0.57,0.47,1.27,
2012-12-19,66.26,0.56,0.47,1.25,
2012-12-20,66.26,0.56,0.47,1.26,
2012-12-21,65.2,0.54,0.45,1.22,
2012-12-24,65.07,0.54,0.45,1.21,
2012-12-26,64.5,0.52,0.44,1.19,
2012-12-27,64.4,0.52,0.43,1.19,
2012-12-28,63.78,0.51,0.43,1.15,
2012-12-31,65.13,0.54,0.45,1.22,
2013-01-02,67.2,0.59,0.51,1.33,
2013-01-03,66.85,0.58,0.5,1.3,
2013-01-04,66.63,0.58,0.49,1.29,
2013-01-07,66.65,0.58,0.49,1.28,
2013-01-08,66.52,0.57,0.47,1.27,
2013-01-09,66.77,0.58,0.49,1.27,
2013-01-10,67.17,0.59,0.51,1.29,
2013-01-11,67.26,0.59,0.52,1.3,
2013-01-14,66.96,0.58,0.51,1.27,
2013-01-15,66.63,0.57,0.5,1.25,
2013-01-16,66.9,0.58,0.52,1.26,
2013-01-17,67.22,0.59,0.55,1.28,
2013-01-18,67.07,0.59,0.54,1.27,
2013-01-22,67.18,0.59,0.54,1.28,
2013-01-23,67.59,0.6,0.56,1.32,
2013-01-24,66.66,0.57,0.54,1.25,
2013-01-25,67.0,0.58,0.56,1.26,
2013-01-28,67.15,0.59,0.57,1.27,
2013-01-29,67.16,0.59,0.56,1.27,
2013-01-30,67.02,0.58,0.56,1.26,
2013-01-31,66.87,0.58,0.55,1.27,
2013-02-01,67.66,0.6,0.58,1.31,
2013-02-04,66.48,0.57,0.56,1.26,
2013-02-05,67.46,0.59,0.58,1.31,
2013-02-06,67.24,0.59,0.59,1.3,
2013-02-07,67.3,0.59,0.58,1.3,
2013-02-08,67.99,0.61,0.6,1.33,
2013-02-11,68.01,0.61,0.6,1.34,
2013-02-12,67.73,0.6,0.61,1.33,
2013-02-13,67.97,0.61,0.61,1.33,
2013-02-14,67.95,0.61,0.63,1.32,
2013-02-15,67.75,0.6,0.62,1.31,
2013-02-19,68.24,0.61,0.64,1.34,
2013-02-20,67.19,0.59,0.6,1.28,
2013-02-21,66.47,0.57,0.57,1.25,
2013-02-22,67.14,0.58,0.6,1.3,
2013-02-25,66.31,0.56,0.57,1.24,
2013-02-26,66.56,0.57,0.58,1.27,
2013-02-27,67.24,0.59,0.61,1.3,
2013-02-28,67.1,0.58,0.62,1.29,
2013-03-01,67.38,0.59,0.6,1.3,
2013-03-04,67.68,0.6,0.6,1.31,
2013-03-05,68.68,0.62,0.63,1.36,
2013-03-06,68.51,0.62,0.63,1.36,
2013-03-07,68.69,0.63,0.64,1.37,
2013-03-08,68.77,0.63,0.64,1.38,
2013-03-11,68.97,0.63,0.65,1.39,
2013-03-12,68.72,0.62,0.66,1.37,
2013-03-13,68.63,0.62,0.66,1.37,
2013-03-14,68.86,0.63,0.67,1.4,
2013-03-15,68.51,0.62,0.64,1.38,
2013-03-18,68.36,0.62,0.61,1.38,
2013-03-19,68.23,0.62,0.61,1.38,
2013-03-20,68.71,0.63,0.63,1.39,
2013-03-21,67.93,0.61,0.6,1.35,
2013-03-22,68.59,0.62,0.62,1.38,
2013-03-25,68.34,0.62,0.62,1.37,
2013-03-26,68.71,0.63,0.63,1.39,
2013-03-27,68.8,0.63,0.64,1.38,
2013-03-28,68.97,0.63,0.65,1.39,
2013-04-01,68.5,0.62,0.61,1.36,
2013-04-02,69.04,0.64,0.59,1.38,
2013-04-03,68.41,0.62,0.56,1.35,
2013-04-04,68.43,0.62,0.58,1.35,
2013-04-05,67.86,0.61,0.57,1.31,
2013-04-08,68.22,0.61,0.59,1.33,
2013-04-09,68.68,0.63,0.61,1.36,
2013-04-10,70.02,0.66,0.65,1.43,
2013-04-11,69.99,0.66,0.64,1.42,
2013-04-12,69.94,0.66,0.63,1.4,
2013-04-15,68.56,0.62,0.59,1.33,
2013-04-16,69.47,0.65,0.62,1.38,
2013-04-17,68.11,0.61,0.56,1.3,
2013-04-18,67.17,0.58,0.54,1.25,
2013-04-19,68.09,0.61,0.56,1.26,
2013-04-22,68.79,0.63,0.57,1.28,
2013-04-23,69.45,0.64,0.61,1.33,
2013-04-24,69.42,0.64,0.63,1.33,
2013-04-25,69.79,0.65,0.65,1.35,
2013-04-26,69.57,0.65,0.63,1.35,
2013-04-29,70.21,0.66,0.66,1.4,
2013-04-30,70.72,0.68,0.68,1.45,
2013-05-01,70.39,0.67,0.66,1.42,
2013-05-02,71.28,0.69,0.68,1.47,
2013-05-03,72.12,0.72,0.7,1.51,
2013-05-06,72.4,0.73,0.72,1.53,
2013-05-07,72.36,0.73,0.72,1.52,
2013-05-08,72.71,0.74,0.74,1.56,
2013-05-09,72.61,0.74,0.76,1.55,
2013-05-10,73.05,0.75,0.78,1.56,
2013-05-13,73.14,0.75,0.75,1.55,
2013-05-14,73.52,0.76,0.77,1.57,
2013-05-15,73.67,0.77,0.79,1.58,
2013-05-16,73.59,0.76,0.77,1.6,
2013-05-17,74.3,0.79,0.8,1.65,
2013-05-20,74.19,0.78,0.8,1.65,
2013-05-21,74.27,0.79,0.79,1.64,
2013-05-22,73.62,0.77,0.76,1.59,
2013-05-23,73.45,0.76,0.76,1.58,
2013-05-24,73.41,0.76,0.76,1.57,
2013-05-28,73.89,0.77,0.78,1.6,
2013-05-29,73.54,0.76,0.79,1.58,
2013-05-30,73.93,0.77,0.82,1.61,
2013-05-31,73.25,0.75,0.8,1.57,
2013-06-03,73.38,0.76,0.8,1.59,
2013-06-04,73.0,0.74,0.81,1.57,
2013-06-05,72.05,0.72,0.77,1.52,
2013-06-06,72.4,0.73,0.77,1.54,
2013-06-07,73.39,0.76,0.8,1.58,
2013-06-10,73.42,0.76,0.82,1.59,
2013-06-11,72.69,0.73,0.76,1.54,
2013-06-12,71.85,0.71,0.74,1.5,
2013-06-13,72.76,0.73,0.78,1.56,
2013-06-14,72.28,0.72,0.77,1.53,
2013-06-17,72.98,0.74,0.81,1.57,
2013-06-18,73.58,0.76,0.84,1.6,
2013-06-19,72.76,0.73,0.82,1.55,
2013-06-20,71.03,0.68,0.74,1.44,
2013-06-21,70.43,0.67,0.75,1.42,
2013-06-24,69.73,0.65,0.7,1.36,
2013-06-25,70.24,0.66,0.75,1.4,
2013-06-26,70.87,0.68,0.76,1.43,
2013-06-27,71.17,0.69,0.77,1.44,
2013-06-28,71.27,0.69,0.78,1.42,
2013-07-01,71.71,0.71,0.78,1.45,
2013-07-02,71.74,0.71,0.78,1.46,
2013-07-03,72.03,0.72,0.79,1.48,
2013-07-05,72.58,0.73,0.82,1.51,
2013-07-08,72.65,0.73,0.77,1.51,
2013-07-09,73.09,0.75,0.8,1.52,
2013-07-10,73.51,0.76,0.82,1.54,
2013-07-11,74.97,0.81,0.88,1.62,
2013-07-12,75.3,0.82,0.89,1.62,
2013-07-15,75.47,0.82,0.89,1.63,
2013-07-16,75.37,0.82,0.9,1.64,
2013-07-17,75.56,0.83,0.9,1.64,
2013-07-18,75.37,0.82,0.88,1.63,
2013-07-19,74.59,0.79,0.87,1.55,
2013-07-22,74.81,0.8,0.87,1.56,
2013-07-23,74.26,0.78,0.86,1.54,
2013-07-24,74.5,0.79,0.81,1.57,
2013-07-25,74.97,0.8,0.82,1.57,
2013-07-26,75.37,0.82,0.8,1.58,
2013-07-29,75.23,0.81,0.79,1.58,
2013-07-30,75.63,0.83,0.82,1.6,
2013-07-31,75.77,0.83,0.83,1.59,
2013-08-01,76.54,0.86,0.87,1.64,
2013-08-02,76.97,0.87,0.86,1.65,
2013-08-05,77.02,0.87,0.85,1.67,
2013-08-06,76.56,0.86,0.83,1.64,
2013-08-07,76.42,0.85,0.81,1.63,
2013-08-08,76.8,0.86,0.81,1.65,
2013-08-09,76.49,0.85,0.8,1.62,
2013-08-12,76.67,0.86,0.81,1.65,
2013-08-13,77.1,0.87,0.83,1.68,
2013-08-14,76.81,0.86,0.8,1.68,
2013-08-15,75.51,0.82,0.74,1.6,
2013-08-16,75.48,0.82,0.75,1.59,
2013-08-19,75.35,0.81,0.73,1.58,
2013-08-20,75.68,0.83,0.75,1.59,
2013-08-21,75.42,0.82,0.73,1.57,
2013-08-22,76.16,0.84,0.76,1.6,
2013-08-23,76.67,0.86,0.76,1.63,
2013-08-26,76.71,0.86,0.75,1.61,
2013-08-27,75.14,0.8,0.7,1.52,
2013-08-28,75.43,0.82,0.72,1.53,
2013-08-29,75.96,0.83,0.75,1.55,
2013-08-30,75.47,0.82,0.73,1.53,
2013-09-03,75.9,0.83,0.74,1.53,
2013-09-04,76.71,0.86,0.8,1.58,
2013-09-05,76.84,0.86,0.82,1.58,
2013-09-06,76.93,0.86,0.81,1.58,
2013-09-09,77.83,0.89,0.84,1.64,
2013-09-10,78.21,0.91,0.89,1.67,
2013-09-11,78.06,0.9,0.88,1.65,
2013-09-12,78.01,0.9,0.87,1.65,
2013-09-13,78.06,0.9,0.88,1.65,
2013-09-16,77.85,0.89,0.89,1.64,
2013-09-17,78.37,0.91,0.91,1.67,
2013-09-18,79.31,0.95,0.93,1.73,
2013-09-19,79.5,0.95,0.92,1.74,
2013-09-20,78.99,0.94,0.91,1.7,
2013-09-23,78.83,0.94,0.89,1.71,
2013-09-24,78.83,0.94,0.91,1.7,
2013-09-25,78.56,0.93,0.91,1.68,
2013-09-26,79.17,0.95,0.91,1.7,
2013-09-27,79.07,0.94,0.89,1.67,
2013-09-30,78.88,0.94,0.89,1.64,
2013-10-01,79.68,0.97,0.92,1.69,
2013-10-02,79.65,0.96,0.92,1.69,
2013-10-03,78.72,0.93,0.91,1.64,
2013-10-04,79.4,0.96,0.93,1.67,
2013-10-07,78.74,0.93,0.91,1.64,
2013-10-08,77.22,0.88,0.87,1.56,
2013-10-09,76.98,0.87,0.86,1.58,
2013-10-10,78.61,0.92,0.92,1.66,
2013-10-11,79.23,0.95,0.93,1.7,
2013-10-14,79.79,0.96,0.95,1.72,
2013-10-15,79.48,0.95,0.92,1.69,
2013-10-16,80.38,0.99,0.95,1.74,
2013-10-17,80.84,1.0,0.97,1.74,
2013-10-18,82.15,1.05,0.97,1.83,
2013-10-21,82.33,1.06,0.99,1.86,
2013-10-22,82.45,1.06,0.98,1.85,
2013-10-23,81.95,1.05,0.88,1.83,
2013-10-24,82.31,1.06,0.9,1.84,
2013-10-25,82.9,1.08,0.91,1.87,
2013-10-28,82.92,1.08,0.93,1.89,
2013-10-29,83.06,1.09,0.97,1.92,
2013-10-30,82.98,1.08,0.96,1.91,
2013-10-31,82.79,1.08,0.98,1.89,
2013-11-01,82.81,1.08,0.96,1.9,
2013-11-04,82.93,1.08,0.96,1.91,
2013-11-05,83.02,1.09,0.95,1.9,
2013-11-06,83.0,1.08,0.96,1.95,
2013-11-07,81.44,1.02,0.91,1.88,
2013-11-08,82.54,1.06,0.94,1.93,
2013-11-11,82.41,1.06,0.94,1.93,
2013-11-12,82.54,1.06,0.95,1.95,
2013-11-13,83.54,1.1,0.98,2.0,
2013-11-14,83.8,1.11,0.97,1.99,
2013-11-15,83.96,1.12,0.99,2.0,
2013-11-18,83.14,1.09,0.96,1.97,
2013-11-19,82.9,1.08,0.93,1.96,
2013-11-20,82.7,1.07,0.91,1.93,
2013-11-21,83.54,1.1,0.96,1.98,
2013-11-22,83.99,1.12,0.96,1.97,
2013-11-25,84.19,1.13,0.96,1.97,
2013-11-26,84.63,1.15,0.98,1.99,
2013-11-27,85.22,1.17,1.0,2.04,
2013-11-29,85.73,1.19,1.0,2.07,
2013-12-02,85.48,1.18,0.99,2.04,
2013-12-03,85.41,1.18,1.0,2.06,
2013-12-04,85.49,1.18,0.99,2.07,
2013-12-05,85.38,1.18,1.0,2.04,
2013-12-06,86.0,1.2,1.03,2.09,
2013-12-09,86.35,1.21,1.04,2.11,
2013-12-10,86.29,1.21,1.03,2.09,
2013-12-11,85.18,1.17,1.0,2.04,
2013-12-12,84.96,1.16,0.97,1.99,
2013-12-13,84.85,1.15,0.97,1.98,
2013-12-16,85.32,1.17,1.01,2.03,
2013-12-17,85.15,1.16,1.04,2.03,
2013-12-18,86.14,1.2,1.06,2.08,
2013-12-19,85.9,1.19,1.04,2.09,
2013-12-20,86.5,1.23,1.07,2.14,
2013-12-23,87.41,1.27,1.09,2.22,
2013-12-24,87.45,1.27,1.11,2.25,
2013-12-26,87.74,1.28,1.12,2.26,
2013-12-27,87.52,1.27,1.11,2.25,
2013-12-30,87.39,1.27,1.12,2.24,
2013-12-31,87.96,1.29,1.15,2.28,
2014-01-02,87.27,1.26,1.1,2.21,
2014-01-03,86.64,1.24,1.09,2.19,
2014-01-06,86.32,1.22,1.07,2.18,
2014-01-07,87.12,1.25,1.1,2.23,
2014-01-08,87.31,1.26,1.15,2.23,
2014-01-09,87.02,1.25,1.12,2.19,
2014-01-10,87.3,1.26,1.14,2.2,
2014-01-13,86.01,1.21,1.1,2.13,
2014-01-14,87.65,1.28,1.17,2.24,
2014-01-15,88.37,1.31,1.2,2.32,
2014-01-16,88.38,1.31,1.18,2.32,
2014-01-17,87.88,1.28,1.16,2.28,
2014-01-21,88.55,1.31,1.18,2.3,
2014-01-22,88.78,1.33,1.22,2.3,
2014-01-23,88.48,1.31,1.18,2.28,
2014-01-24,86.74,1.23,1.1,2.16,
2014-01-27,85.9,1.2,1.08,2.1,
2014-01-28,85.85,1.2,1.09,2.06,
2014-01-29,84.93,1.16,1.08,2.01,
2014-01-30,86.5,1.22,1.12,2.09,
2014-01-31,86.27,1.21,1.1,2.1,
2014-02-03,84.29,1.13,1.03,1.95,
2014-02-04,84.91,1.15,1.03,1.99,
2014-02-05,84.69,1.14,1.04,1.98,
2014-02-06,85.77,1.19,1.09,2.05,
2014-02-07,87.3,1.25,1.14,2.14,
2014-02-10,87.8,1.27,1.16,2.16,
2014-02-11,88.8,1.32,1.2,2.23,
2014-02-12,88.97,1.32,1.23,2.25,
2014-02-13,89.63,1.36,1.28,2.31,
2014-02-14,89.81,1.36,1.3,2.32,
2014-02-18,90.25,1.38,1.31,2.33,
2014-02-19,89.63,1.35,1.31,2.3,
2014-02-20,90.05,1.37,1.34,2.33,
2014-02-21,89.93,1.36,1.32,2.3,
2014-02-24,90.41,1.39,1.33,2.33,
2014-02-25,90.31,1.38,1.31,2.3,
2014-02-26,90.23,1.38,1.34,2.31,
2014-02-27,90.44,1.4,1.34,2.36,
2014-02-28,90.34,1.4,1.33,2.35,
2014-03-03,89.67,1.37,1.31,2.29,
2014-03-04,90.81,1.42,1.38,2.39,
2014-03-05,91.06,1.43,1.39,2.4,
2014-03-06,90.98,1.43,1.42,2.4,
2014-03-07,90.53,1.41,1.41,2.39,
2014-03-10,90.61,1.41,1.4,2.37,
2014-03-11,90.22,1.39,1.38,2.36,
2014-03-12,90.56,1.41,1.42,2.37,
2014-03-13,89.28,1.35,1.35,2.27,
2014-03-14,88.67,1.32,1.32,2.23,
2014-03-17,89.45,1.36,1.37,2.31,
2014-03-18,90.53,1.4,1.43,2.4,
2014-03-19,90.04,1.38,1.43,2.36,
2014-03-20,90.29,1.39,1.51,2.42,
2014-03-21,89.0,1.34,1.47,2.39,
2014-03-24,88.22,1.31,1.45,2.38,
2014-03-25,88.51,1.32,1.48,2.42,
2014-03-26,87.37,1.27,1.43,2.34,
2014-03-27,86.88,1.25,1.4,2.31,
2014-03-28,87.05,1.26,1.43,2.33,
2014-03-31,87.67,1.28,1.5,2.39,
2014-04-01,89.21,1.35,1.57,2.47,
2014-04-02,89.44,1.36,1.56,2.48,
2014-04-03,88.73,1.33,1.57,2.44,
2014-04-04,86.37,1.22,1.44,2.3,
2014-04-07,85.55,1.19,1.4,2.26,
2014-04-08,86.34,1.22,1.45,2.31,
2014-04-09,87.82,1.28,1.5,2.39,
2014-04-10,85.1,1.16,1.36,2.24,
2014-04-11,84.11,1.12,1.29,2.17,
2014-04-14,84.77,1.15,1.32,2.23,
2014-04-15,85.05,1.16,1.35,2.25,
2014-04-16,86.18,1.2,1.34,2.33,
2014-04-17,86.2,1.21,1.42,2.31,
2014-04-21,86.84,1.23,1.46,2.34,
2014-04-22,87.53,1.26,1.5,2.37,
2014-04-23,86.76,1.23,1.49,2.29,
2014-04-24,87.59,1.26,1.52,2.35,
2014-04-25,86.19,1.2,1.37,2.26,
2014-04-28,86.47,1.22,1.34,2.32,
2014-04-29,87.16,1.24,1.37,2.37,
2014-04-30,87.39,1.25,1.4,2.38,
2014-05-01,87.65,1.27,1.38,2.39,
2014-05-02,87.49,1.26,1.39,2.38,
2014-05-05,87.95,1.28,1.4,2.41,
2014-05-06,86.81,1.23,1.38,2.33,
2014-05-07,86.56,1.22,1.38,2.34,
2014-05-08,86.48,1.21,1.41,2.35,
2014-05-09,86.8,1.23,1.4,2.36,
2014-05-12,88.23,1.29,1.48,2.46,
2014-05-13,88.29,1.29,1.44,2.46,
2014-05-14,87.83,1.27,1.41,2.43,
2014-05-15,87.14,1.24,1.36,2.38,
2014-05-16,87.71,1.26,1.4,2.43,
2014-05-19,88.32,1.29,1.44,2.48,
2014-05-20,88.0,1.28,1.42,2.43,
2014-05-21,88.84,1.31,1.44,2.48,
2014-05-22,89.23,1.33,1.46,2.5,
2014-05-23,89.88,1.36,1.5,2.56,
2014-05-27,91.0,1.41,1.56,2.63,
2014-05-28,90.72,1.4,1.57,2.61,
2014-05-29,91.3,1.42,1.58,2.65,
2014-05-30,91.31,1.42,1.58,2.66,
2014-06-02,91.22,1.42,1.61,2.65,
2014-06-03,91.18,1.42,1.65,2.63,
2014-06-04,91.52,1.43,1.68,2.65,
2014-06-05,92.29,1.47,1.7,2.7,
2014-06-06,92.82,1.49,1.72,2.74,
2014-06-09,92.75,1.49,1.74,2.76,
2014-06-10,92.91,1.5,1.75,2.76,
2014-06-11,92.89,1.5,1.78,2.75,
2014-06-12,92.05,1.46,1.76,2.68,
2014-06-13,92.32,1.47,1.81,2.72,
2014-06-16,92.4,1.47,1.84,2.73,
2014-06-17,92.45,1.48,1.89,2.74,
2014-06-18,92.97,1.5,1.86,2.79,
2014-06-19,92.91,1.5,1.87,2.77,
2014-06-20,92.77,1.5,1.88,2.75,
2014-06-23,92.79,1.5,1.86,2.77,
2014-06-24,92.7,1.5,1.82,2.73,
2014-06-25,93.29,1.53,1.84,2.77,
2014-06-26,93.34,1.53,1.82,2.75,
2014-06-27,93.75,1.55,1.83,2.8,
2014-06-30,93.91,1.56,1.88,2.81,
2014-07-01,94.94,1.61,1.96,2.89,
2014-07-02,95.1,1.62,1.98,2.9,
2014-07-03,95.7,1.65,2.02,2.94,
2014-07-07,95.41,1.63,1.97,2.94,
2014-07-08,94.26,1.57,1.95,2.87,
2014-07-09,94.96,1.61,1.98,2.9,
2014-07-10,94.66,1.6,1.95,2.89,
2014-07-11,95.27,1.62,1.95,2.92,
2014-07-14,95.84,1.65,1.98,2.99,
2014-07-15,95.51,1.64,1.96,2.98,
2014-07-16,95.89,1.66,2.03,3.05,
2014-07-17,94.62,1.59,1.88,2.94,
2014-07-18,96.12,1.66,1.95,3.05,
2014-07-21,96.0,1.66,1.97,3.03,
2014-07-22,96.61,1.69,2.0,3.11,
2014-07-23,97.23,1.72,1.86,3.13,
2014-07-24,97.12,1.72,1.82,3.11,
2014-07-25,96.74,1.7,1.71,3.1,
2014-07-28,96.77,1.7,1.7,3.12,
2014-07-29,96.6,1.69,1.69,3.11,
2014-07-30,96.98,1.71,1.74,3.12,
2014-07-31,95.02,1.61,1.63,2.93,
2014-08-01,94.67,1.59,1.65,2.89,
2014-08-04,95.32,1.62,1.67,2.95,
2014-08-05,94.59,1.58,1.62,2.87,
2014-08-06,94.52,1.58,1.64,2.84,
2014-08-07,94.22,1.56,1.57,2.81,
2014-08-08,94.9,1.6,1.62,2.86,
2014-08-11,95.46,1.63,1.67,2.9,
2014-08-12,95.42,1.62,1.67,2.89,
2014-08-13,96.43,1.67,1.72,2.98,
2014-08-14,96.93,1.7,1.72,2.99,
2014-08-15,97.4,1.72,1.78,3.0,
2014-08-18,98.15,1.77,1.8,3.08,
2014-08-19,98.7,1.8,1.84,3.14,
2014-08-20,98.7,1.8,1.88,3.14,
2014-08-21,98.9,1.81,1.91,3.19,
2014-08-22,99.05,1.81,1.91,3.18,
2014-08-25,99.4,1.83,1.89,3.19,
2014-08-26,99.5,1.84,1.89,3.2,
2014-08-27,99.52,1.84,1.9,3.2,
2014-08-28,99.41,1.83,1.94,3.18,
2014-08-29,99.78,1.85,1.96,3.22,
2014-09-02,100.07,1.87,1.94,3.23,
2014-09-03,99.48,1.84,1.95,3.18,
2014-09-04,99.39,1.83,1.97,3.16,
2014-09-05,99.89,1.86,2.02,3.22,
2014-09-08,100.08,1.87,2.03,3.23,
2014-09-09,99.25,1.82,1.98,3.16,
2014-09-10,100.07,1.87,1.98,3.23,
2014-09-11,99.99,1.86,1.99,3.25,
2014-09-12,99.48,1.84,1.91,3.2,
2014-09-15,98.52,1.78,1.84,3.14,
2014-09-16,99.38,1.83,1.94,3.21,
2014-09-17,99.53,1.84,1.99,3.23,
2014-09-18,100.28,1.88,2.07,3.3,
2014-09-19,99.98,1.87,2.0,3.28,
2014-09-22,99.05,1.82,1.92,3.2,
2014-09-23,98.78,1.81,1.91,3.18,
2014-09-24,99.84,1.86,1.98,3.24,
2014-09-25,97.74,1.75,1.87,3.04,
2014-09-26,98.78,1.8,1.93,3.13,
2014-09-29,98.65,1.8,1.94,3.13,
2014-09-30,98.79,1.8,1.89,3.15,
2014-10-01,97.21,1.72,1.76,3.01,
2014-10-02,97.21,1.72,1.73,3.01,
2014-10-03,98.17,1.77,1.75,3.08,
2014-10-06,97.96,1.75,1.71,3.08,
2014-10-07,96.57,1.68,1.61,2.94,
2014-10-08,98.45,1.78,1.72,3.1,
2014-10-09,96.86,1.69,1.58,2.95,
2014-10-10,94.44,1.56,1.26,2.72,
2014-10-13,92.96,1.49,1.17,2.63,
2014-10-14,92.97,1.49,1.24,2.63,
2014-10-15,92.37,1.46,1.26,2.59,
2014-10-16,91.79,1.44,1.31,2.54,
2014-10-17,93.0,1.49,1.34,2.63,
2014-10-20,94.39,1.56,1.41,2.69,
2014-10-21,96.87,1.68,1.56,2.85,
2014-10-22,96.37,1.65,1.5,2.8,
2014-10-23,97.82,1.73,1.56,2.9,
2014-10-24,98.62,1.77,1.61,2.97,
2014-10-27,98.69,1.78,1.63,2.98,
2014-10-28,100.18,1.86,1.7,3.11,
2014-10-29,99.81,1.83,1.71,3.09,
2014-10-30,100.02,1.84,1.65,3.12,
2014-10-31,101.4,1.92,1.84,3.26,
2014-11-03,101.7,1.94,1.88,3.3,
2014-11-04,101.36,1.92,1.86,3.31,
2014-11-05,101.37,1.92,1.91,3.33,
2014-11-06,101.69,1.94,1.87,3.33,
2014-11-07,101.6,1.93,1.81,3.34,
2014-11-10,101.96,1.95,1.85,3.36,
2014-11-11,102.28,1.97,1.84,3.37,
2014-11-12,102.46,1.98,1.83,3.41,
2014-11-13,102.9,2.01,1.84,3.46,
2014-11-14,103.22,2.02,1.88,3.53,
2014-11-17,102.91,2.01,1.86,3.51,
2014-11-18,103.68,2.05,1.96,3.55,
2014-11-19,103.21,2.02,1.93,3.48,
2014-11-20,103.67,2.05,1.98,3.53,
2014-11-21,103.87,2.07,2.04,3.55,
2014-11-24,104.68,2.11,2.1,3.6,
2014-11-25,104.84,2.12,2.1,3.61,
2014-11-26,105.52,2.16,2.24,3.7,
2014-11-28,106.01,2.2,2.25,3.75,
2014-12-01,104.81,2.11,2.17,3.63,
2014-12-02,105.23,2.14,2.21,3.63,
2014-12-03,105.42,2.16,2.35,3.66,
2014-12-04,105.37,2.15,2.36,3.67,
2014-12-05,105.38,2.15,2.43,3.66,
2014-12-08,104.63,2.11,2.33,3.55,
2014-12-09,104.96,2.13,2.32,3.55,
2014-12-10,103.31,2.02,2.19,3.39,
2014-12-11,103.8,2.05,2.22,3.43,
2014-12-12,102.67,1.99,2.11,3.27,
2014-12-15,101.61,1.93,2.05,3.21,
2014-12-16,99.98,1.83,2.02,3.08,
2014-12-17,101.8,1.93,2.15,3.26,
2014-12-18,104.25,2.07,2.27,3.54,
2014-12-19,104.32,2.09,2.25,3.56,
2014-12-22,104.58,2.11,2.35,3.67,
2014-12-23,104.21,2.09,2.34,3.7,
2014-12-24,104.3,2.1,2.34,3.69,
2014-12-26,105.04,2.14,2.35,3.74,
2014-12-29,105.02,2.14,2.33,3.68,
2014-12-30,104.32,2.1,2.29,3.61,
2014-12-31,103.25,2.03,2.25,3.48,
2015-01-02,102.94,2.01,2.25,3.47,
2015-01-05,101.43,1.92,2.12,3.31,
2015-01-06,100.07,1.85,1.98,3.19,
2015-01-07,101.36,1.92,2.04,3.26,
2015-01-08,103.3,2.03,2.22,3.47,
2015-01-09,102.62,1.99,2.22,3.44,
2015-01-12,101.55,1.92,2.09,3.33,
2015-01-13,101.52,1.92,2.03,3.33,
2015-01-14,100.96,1.89,2.0,3.26,
2015-01-15,99.65,1.82,1.95,3.14,
2015-01-16,100.82,1.88,2.01,3.24,
2015-01-20,101.62,1.92,2.08,3.31,
2015-01-21,102.14,1.95,2.15,3.32,
2015-01-22,104.03,2.06,2.19,3.48,
2015-01-23,104.26,2.08,2.17,3.49,
2015-01-26,104.14,2.07,2.19,3.44,
2015-01-27,101.44,1.91,2.06,3.14,
2015-01-28,100.92,1.88,2.03,3.12,
2015-01-29,101.89,1.93,2.04,3.21,
2015-01-30,101.1,1.89,1.91,3.1,
2015-02-02,101.98,1.94,1.93,3.19,
2015-02-03,102.96,1.99,2.03,3.3,
2015-02-04,102.87,1.99,2.06,3.32,
2015-02-05,103.76,2.04,2.12,3.4,
2015-02-06,103.13,2.0,2.08,3.38,
2015-02-09,102.8,1.98,2.02,3.36,
2015-02-10,104.4,2.07,2.22,3.51,
2015-02-11,104.78,2.1,2.24,3.54,
2015-02-12,106.0,2.17,2.35,3.7,
2015-02-13,106.91,2.23,2.4,3.77,
2015-02-17,107.01,2.23,2.42,3.77,
2015-02-18,107.16,2.24,2.4,3.78,
2015-02-19,107.69,2.28,2.42,3.82,
2015-02-20,108.41,2.32,2.47,3.88,
2015-02-23,108.52,2.33,2.42,3.89,
2015-02-24,108.6,2.33,2.51,3.92,
2015-02-25,108.33,2.31,2.47,3.85,
2015-02-26,108.88,2.35,2.52,3.93,
2015-02-27,108.4,2.32,2.5,3.88,
2015-03-02,109.38,2.38,2.71,3.98,
2015-03-03,108.87,2.35,2.56,3.9,
2015-03-04,108.45,2.32,2.55,3.84,
2015-03-05,108.64,2.33,2.55,3.83,
2015-03-06,107.41,2.25,2.48,3.69,
2015-03-09,107.72,2.27,2.5,3.74,
2015-03-10,105.72,2.15,2.36,3.52,
2015-03-11,105.11,2.11,2.38,3.44,
2015-03-12,105.8,2.15,2.37,3.51,
2015-03-13,105.34,2.12,2.42,3.45,
2015-03-16,106.7,2.2,2.53,3.58,
2015-03-17,106.87,2.22,2.48,3.58,
2015-03-18,107.92,2.28,2.53,3.71,
2015-03-19,108.08,2.29,2.55,3.69,
2015-03-20,108.53,2.34,2.66,3.76,
2015-03-23,108.32,2.32,2.59,3.76,
2015-03-24,107.93,2.29,2.52,3.73,
2015-03-25,105.46,2.13,2.17,3.44,
2015-03-26,105.1,2.12,2.08,3.44,
2015-03-27,105.52,2.14,2.26,3.45,
2015-03-30,106.73,2.21,2.35,3.57,
2015-03-31,105.6,2.15,2.27,3.48,
2015-04-01,105.05,2.11,2.22,3.44,
2015-04-02,105.12,2.11,2.2,3.46,
2015-04-06,105.98,2.16,2.23,3.54,
2015-04-07,105.8,2.15,2.24,3.52,
2015-04-08,106.64,2.2,2.28,3.55,
2015-04-09,107.31,2.25,2.37,3.59,
2015-04-10,107.75,2.27,2.39,3.63,
2015-04-13,107.48,2.26,2.35,3.6,
2015-04-14,107.17,2.24,2.28,3.56,
2015-04-15,107.84,2.28,2.39,3.65,
2015-04-16,107.69,2.27,2.36,3.61,
2015-04-17,106.01,2.16,2.26,3.46,
2015-04-20,107.6,2.26,2.32,3.64,
2015-04-21,108.06,2.29,2.37,3.63,
2015-04-22,108.65,2.33,2.47,3.74,
2015-04-23,109.06,2.35,2.35,3.79,
2015-04-24,110.54,2.44,2.24,3.88,
2015-04-27,110.26,2.43,2.26,3.92,
2015-04-28,110.04,2.41,2.26,3.96,
2015-04-29,109.35,2.37,2.22,3.9,
2015-04-30,107.63,2.26,2.17,3.74,
2015-05-01,109.05,2.35,2.34,3.87,
2015-05-04,109.23,2.36,2.33,3.88,
2015-05-05,107.45,2.24,2.18,3.71,
2015-05-06,106.71,2.2,2.17,3.62,
2015-05-07,107.35,2.23,2.25,3.69,
2015-05-08,108.69,2.32,2.31,3.84,
2015-05-11,108.27,2.29,2.31,3.78,
2015-05-12,107.78,2.26,2.26,3.73,
2015-05-13,108.0,2.27,2.29,3.78,
2015-05-14,109.58,2.37,2.38,3.96,
2015-05-15,109.58,2.37,2.39,3.92,
2015-05-18,110.06,2.4,2.45,3.97,
2015-05-19,109.94,2.4,2.43,3.93,
2015-05-20,110.01,2.4,2.44,3.96,
2015-05-21,110.58,2.44,2.48,4.0,
2015-05-22,110.47,2.43,2.5,3.99,
2015-05-26,109.2,2.35,2.44,3.83,
2015-05-27,110.96,2.46,2.73,4.02,
2015-05-28,110.71,2.44,2.74,4.01,
2015-05-29,110.05,2.4,2.76,3.93,
2015-06-01,110.42,2.42,2.77,3.95,
2015-06-02,110.07,2.4,2.68,3.93,
2015-06-03,110.4,2.42,2.62,3.95,
2015-06-04,109.56,2.37,2.55,3.85,
2015-06-05,109.3,2.35,2.56,3.81,
2015-06-08,108.19,2.28,2.42,3.69,
2015-06-09,108.01,2.27,2.4,3.66,
2015-06-10,109.49,2.36,2.49,3.82,
2015-06-11,109.65,2.37,2.49,3.83,
2015-06-12,108.75,2.31,2.42,3.73,
2015-06-15,108.21,2.28,2.41,3.66,
2015-06-16,108.8,2.31,2.43,3.72,
2015-06-17,109.1,2.33,2.44,3.75,
2015-06-18,110.69,2.43,2.54,3.83,
2015-06-19,109.89,2.39,2.52,3.75,
2015-06-22,110.7,2.45,2.57,3.83,
2015-06-23,110.79,2.46,2.52,3.84,
2015-06-24,110.22,2.42,2.45,3.79,
2015-06-25,110.0,2.4,2.44,3.77,
2015-06-26,109.27,2.36,2.26,3.67,
2015-06-29,106.69,2.19,2.07,3.44,
2015-06-30,107.07,2.22,2.09,3.45,
2015-07-01,107.92,2.26,2.11,3.52,
2015-07-02,107.95,2.27,2.14,3.52,
2015-07-06,107.7,2.25,2.05,3.48,
2015-07-07,107.97,2.26,2.02,3.5,
2015-07-08,106.09,2.15,1.88,3.33,
2015-07-09,106.03,2.14,1.79,3.29,
2015-07-10,107.65,2.24,1.89,3.44,
2015-07-13,109.54,2.36,1.93,3.6,
2015-07-14,110.26,2.4,2.0,3.64,
2015-07-15,110.38,2.42,1.96,3.64,
2015-07-16,111.94,2.51,1.97,3.78,
2015-07-17,113.59,2.62,1.95,3.95,
2015-07-20,113.98,2.65,1.91,4.01,
2015-07-21,113.91,2.65,1.92,3.94,
2015-07-22,112.62,2.56,1.78,3.75,
2015-07-23,112.2,2.53,1.86,3.72,
2015-07-24,111.1,2.46,1.74,3.66,
2015-07-27,110.18,2.39,1.7,3.57,
2015-07-28,111.13,2.46,1.81,3.66,
2015-07-29,111.55,2.48,1.82,3.73,
2015-07-30,112.08,2.52,1.84,3.75,
2015-07-31,111.95,2.51,1.77,3.71,
2015-08-03,111.6,2.49,1.76,3.66,
2015-08-04,111.39,2.47,1.7,3.59,
2015-08-05,112.25,2.53,1.76,3.68,
2015-08-06,110.45,2.41,1.67,3.59,
2015-08-07,110.31,2.4,1.7,3.59,
2015-08-10,111.57,2.48,1.82,3.76,
2015-08-11,110.14,2.39,1.7,3.59,
2015-08-12,110.52,2.41,1.73,3.63,
2015-08-13,110.34,2.4,1.68,3.61,
2015-08-14,110.51,2.41,1.65,3.66,
2015-08-17,111.43,2.47,1.7,3.72,
2015-08-18,110.86,2.43,1.59,3.67,
2015-08-19,110.13,2.38,1.55,3.59,
2015-08-20,107.08,2.19,1.37,3.34,
2015-08-21,102.4,1.91,1.28,2.96,
2015-08-24,98.46,1.69,1.18,2.63,
2015-08-25,98.09,1.67,1.14,2.55,
2015-08-26,103.03,1.91,1.31,2.92,
2015-08-27,105.64,2.06,1.46,3.13,
2015-08-28,105.62,2.05,1.49,3.14,
2015-08-31,104.31,1.98,1.47,3.07,
2015-09-01,101.05,1.8,1.32,2.77,
2015-09-02,103.9,1.94,1.41,2.97,
2015-09-03,103.39,1.91,1.44,2.97,
2015-09-04,102.16,1.85,1.36,2.84,
2015-09-08,105.04,2.01,1.54,3.06,
2015-09-09,103.86,1.94,1.46,2.95,
2015-09-10,104.99,2.0,1.48,3.03,
2015-09-11,105.57,2.03,1.48,3.08,
2015-09-14,105.25,2.01,1.5,3.05,
2015-09-15,106.49,2.08,1.55,3.17,
2015-09-16,107.09,2.12,1.56,3.21,
2015-09-17,107.13,2.12,1.52,3.14,
2015-09-18,105.35,2.03,1.44,3.02,
2015-09-21,105.68,2.05,1.43,3.11,
2015-09-22,104.1,1.96,1.33,2.96,
2015-09-23,104.18,1.96,1.3,2.98,
2015-09-24,103.8,1.94,1.3,2.98,
2015-09-25,102.92,1.89,1.32,2.97,
2015-09-28,99.99,1.73,1.21,2.76,
2015-09-29,99.47,1.7,1.24,2.73,
2015-09-30,101.76,1.82,1.37,2.88,
2015-10-01,102.22,1.84,1.33,2.89,
2015-10-02,104.01,1.94,1.41,3.0,
2015-10-05,105.5,2.03,1.49,3.18,
2015-10-06,105.0,2.0,1.51,3.2,
2015-10-07,105.63,2.03,1.58,3.24,
2015-10-08,106.05,2.05,1.6,3.29,
2015-10-09,106.53,2.08,1.56,3.33,
2015-10-12,106.79,2.1,1.57,3.34,
2015-10-13,106.1,2.06,1.51,3.32,
2015-10-14,105.93,2.05,1.68,3.31,
2015-10-15,107.67,2.15,1.73,3.42,
2015-10-16,108.12,2.17,1.73,3.45,
2015-10-19,108.74,2.21,1.73,3.48,
2015-10-20,108.18,2.18,1.72,3.45,
2015-10-21,107.52,2.14,1.73,3.38,
2015-10-22,109.71,2.27,1.91,3.6,
2015-10-23,112.78,2.46,1.98,3.89,
2015-10-26,112.85,2.46,1.86,3.87,
2015-10-27,113.08,2.48,1.83,3.8,
2015-10-28,114.02,2.54,1.92,3.96,
2015-10-29,113.84,2.53,1.75,3.93,
2015-10-30,113.33,2.49,1.8,3.86,
2015-11-02,114.61,2.58,1.84,3.96,
2015-11-03,115.01,2.6,1.87,4.02,
2015-11-04,115.02,2.6,1.89,4.02,
2015-11-05,114.71,2.58,1.77,4.0,
2015-11-06,114.79,2.59,1.9,4.03,
2015-11-09,113.57,2.51,1.85,3.92,
2015-11-10,113.28,2.49,1.75,3.85,
2015-11-11,113.14,2.48,1.75,3.85,
2015-11-12,112.04,2.4,1.69,3.74,
2015-11-13,109.84,2.26,1.64,3.52,
2015-11-16,111.42,2.36,1.7,3.68,
2015-11-17,111.49,2.37,1.74,3.68,
2015-11-18,113.63,2.5,1.79,3.84,
2015-11-19,113.71,2.51,1.8,3.89,
2015-11-20,114.48,2.56,1.82,3.97,
2015-11-23,114.15,2.53,1.75,3.92,
2015-11-24,114.05,2.53,1.81,3.92,
2015-11-25,114.15,2.53,1.82,3.88,
2015-11-27,114.31,2.54,1.86,3.9,
2015-11-30,114.02,2.53,1.92,3.91,
2015-12-01,115.16,2.6,1.99,4.02,
2015-12-02,114.45,2.55,1.96,3.94,
2015-12-03,112.51,2.42,1.93,3.8,
2015-12-04,115.14,2.59,2.03,4.07,
2015-12-07,114.62,2.56,1.97,4.01,
2015-12-08,114.63,2.56,1.93,3.99,
2015-12-09,112.89,2.44,1.85,3.81,
2015-12-10,113.4,2.47,1.88,3.84,
2015-12-11,110.79,2.3,1.77,3.6,
2015-12-14,111.63,2.36,1.74,3.67,
2015-12-15,112.31,2.4,1.82,3.72,
2015-12-16,113.98,2.5,1.86,3.88,
2015-12-17,112.32,2.4,1.78,3.7,
2015-12-18,109.83,2.27,1.71,3.48,
2015-12-21,111.05,2.33,1.81,3.59,
2015-12-22,111.78,2.38,1.82,3.67,
2015-12-23,112.61,2.43,1.86,3.76,
2015-12-24,112.59,2.43,1.88,3.75,
2015-12-28,112.53,2.43,1.85,3.75,
2015-12-29,114.3,2.54,1.92,3.89,
2015-12-30,113.27,2.47,1.86,3.8,
2015-12-31,111.86,2.38,1.78,3.64,
2016-01-04,109.5,2.23,1.72,3.49,
2016-01-05,109.31,2.21,1.67,3.46,
2016-01-06,108.26,2.15,1.54,3.34,
2016-01-07,104.87,1.95,1.38,3.04,
2016-01-08,104.01,1.9,1.31,2.97,
2016-01-11,104.33,1.92,1.33,3.03,
2016-01-12,105.54,1.99,1.36,3.13,
2016-01-13,101.9,1.78,1.23,2.89,
2016-01-14,104.07,1.89,1.31,3.05,
2016-01-15,100.84,1.72,1.13,2.78,
2016-01-19,101.06,1.73,1.14,2.79,
2016-01-20,100.75,1.71,1.16,2.73,
2016-01-21,100.85,1.72,1.21,2.78,
2016-01-22,103.77,1.86,1.28,3.0,
2016-01-25,102.23,1.78,1.22,2.89,
2016-01-26,103.15,1.83,1.26,2.98,
2016-01-27,100.58,1.7,1.22,2.79,
2016-01-28,102.0,1.76,1.2,2.9,
2016-01-29,104.13,1.88,1.37,3.18,
2016-02-01,104.41,1.89,1.39,3.21,
2016-02-02,102.15,1.77,1.25,3.04,
2016-02-03,101.66,1.74,1.26,3.02,
2016-02-04,101.65,1.74,1.32,3.04,
2016-02-05,98.12,1.56,1.19,2.78,
2016-02-08,96.62,1.49,1.1,2.66,
2016-02-09,96.32,1.47,1.08,2.62,
2016-02-10,96.69,1.49,1.05,2.64,
2016-02-11,96.55,1.49,1.03,2.61,
2016-02-12,98.02,1.55,1.1,2.72,
2016-02-16,100.23,1.65,1.21,2.87,
2016-02-17,102.5,1.77,1.3,3.04,
2016-02-18,101.33,1.71,1.28,3.01,
2016-02-19,101.63,1.72,1.3,3.02,
2016-02-22,103.28,1.81,1.36,3.13,
2016-02-23,101.58,1.72,1.29,2.98,
2016-02-24,102.55,1.77,1.34,3.06,
2016-02-25,103.56,1.82,1.4,3.17,
2016-02-26,103.43,1.81,1.42,3.14,
2016-02-29,102.5,1.76,1.41,3.09,
2016-03-01,105.79,1.93,1.53,3.35,
2016-03-02,105.83,1.93,1.55,3.38,
2016-03-03,105.63,1.92,1.56,3.37,
2016-03-04,105.67,1.93,1.61,3.4,
2016-03-07,105.02,1.89,1.62,3.34,
2016-03-08,104.15,1.84,1.51,3.28,
2016-03-09,104.82,1.88,1.55,3.36,
2016-03-10,104.66,1.87,1.57,3.35,
2016-03-11,106.49,1.97,1.67,3.51,
2016-03-14,106.67,1.98,1.65,3.52,
2016-03-15,106.63,1.98,1.64,3.56,
2016-03-16,107.58,2.03,1.68,3.68,
2016-03-17,107.52,2.02,1.72,3.73,
2016-03-18,107.37,2.03,1.79,3.74,
2016-03-21,107.79,2.06,1.8,3.78,
2016-03-22,108.12,2.08,1.79,3.79,
2016-03-23,107.23,2.03,1.72,3.72,
2016-03-24,107.26,2.03,1.72,3.74,
2016-03-28,107.11,2.02,1.71,3.72,
2016-03-29,108.83,2.11,1.78,3.89,
2016-03-30,109.36,2.15,1.83,3.96,
2016-03-31,109.2,2.13,1.8,3.94,
2016-04-01,110.36,2.2,1.84,4.03,
2016-04-04,109.94,2.18,1.79,3.98,
2016-04-05,108.88,2.12,1.75,3.86,
2016-04-06,110.67,2.22,1.81,3.97,
2016-04-07,109.08,2.12,1.72,3.8,
2016-04-08,109.0,2.12,1.75,3.8,
2016-04-11,108.6,2.1,1.75,3.78,
2016-04-12,109.51,2.15,1.74,3.84,
2016-04-13,110.91,2.23,1.86,3.97,
2016-04-14,110.92,2.23,1.81,3.96,
2016-04-15,110.64,2.21,1.76,3.92,
2016-04-18,111.23,2.25,1.77,3.96,
2016-04-19,110.55,2.21,1.7,3.9,
2016-04-20,110.64,2.21,1.75,3.92,
2016-04-21,110.65,2.21,1.72,3.88,
2016-04-22,108.98,2.11,1.73,3.69,
2016-04-25,108.98,2.11,1.7,3.68,
2016-04-26,108.45,2.08,1.77,3.63,
2016-04-27,107.58,2.03,1.82,3.58,
2016-04-28,106.28,1.96,1.68,3.44,
2016-04-29,105.72,1.93,1.55,3.36,
2016-05-02,106.72,1.98,1.58,3.42,
2016-05-03,105.73,1.93,1.53,3.34,
2016-05-04,105.05,1.89,1.47,3.3,
2016-05-05,105.02,1.89,1.48,3.3,
2016-05-06,105.58,1.92,1.49,3.37,
2016-05-09,105.88,1.93,1.48,3.37,
2016-05-10,107.33,2.01,1.54,3.5,
2016-05-11,106.36,1.96,1.52,3.44,
2016-05-12,105.89,1.93,1.44,3.41,
2016-05-13,105.5,1.91,1.46,3.37,
2016-05-16,106.82,1.98,1.53,3.49,
2016-05-17,105.48,1.91,1.5,3.4,
2016-05-18,105.86,1.93,1.57,3.43,
2016-05-19,105.31,1.9,1.54,3.37,
2016-05-20,106.47,1.96,1.68,3.47,
2016-05-23,106.33,1.95,1.72,3.46,
2016-05-24,108.46,2.07,1.84,3.66,
2016-05-25,109.24,2.11,1.88,3.74,
2016-05-26,109.56,2.13,1.9,3.77,
2016-05-27,110.13,2.16,1.93,3.83,
2016-05-31,110.34,2.18,1.96,3.85,
2016-06-01,110.35,2.18,2.0,3.82,
2016-06-02,110.58,2.19,1.99,3.8,
2016-06-03,110.06,2.16,2.01,3.77,
2016-06-06,110.46,2.18,2.0,3.8,
2016-06-07,110.18,2.17,2.06,3.84,
2016-06-08,110.37,2.18,2.05,3.87,
2016-06-09,110.19,2.17,2.06,3.87,
2016-06-10,108.94,2.1,1.96,3.77,
2016-06-13,108.03,2.04,1.93,3.66,
2016-06-14,108.03,2.04,1.92,3.67,
2016-06-15,107.72,2.02,1.92,3.66,
2016-06-16,108.04,2.04,1.92,3.68,
2016-06-17,106.49,1.97,1.87,3.59,
2016-06-20,107.16,2.0,1.94,3.65,
2016-06-21,107.5,2.02,1.96,3.72,
2016-06-22,107.24,2.01,1.95,3.68,
2016-06-23,108.77,2.1,2.1,3.84,
2016-06-24,104.29,1.84,1.75,3.39,
2016-06-27,102.22,1.73,1.54,3.19,
2016-06-28,104.46,1.84,1.66,3.37,
2016-06-29,106.31,1.94,1.76,3.53,
2016-06-30,107.54,2.01,1.86,3.64,
2016-07-01,108.08,2.03,1.8,3.67,
2016-07-05,107.42,2.0,1.71,3.59,
2016-07-06,108.3,2.05,1.71,3.65,
2016-07-07,108.62,2.06,1.78,3.65,
2016-07-08,110.3,2.16,1.93,3.83,
2016-07-11,110.93,2.2,1.99,3.9,
2016-07-12,111.49,2.23,2.07,3.99,
2016-07-13,111.22,2.22,2.08,3.99,
2016-07-14,111.98,2.26,2.12,4.08,
2016-07-15,111.8,2.25,2.12,4.06,
2016-07-18,112.54,2.29,2.21,4.14,
2016-07-19,112.13,2.27,2.19,4.12,
2016-07-20,113.44,2.35,2.29,4.28,
2016-07-21,113.18,2.33,2.24,4.21,
2016-07-22,113.65,2.36,2.28,4.28,
2016-07-25,113.66,2.36,2.32,4.26,
2016-07-26,113.79,2.37,2.6,4.29,
2016-07-27,114.58,2.42,2.58,4.39,
2016-07-28,114.98,2.44,2.54,4.42,
2016-07-29,115.23,2.46,2.5,4.45,
2016-08-01,115.84,2.5,2.52,4.48,
2016-08-02,114.96,2.44,2.4,4.38,
2016-08-03,115.34,2.46,2.41,4.42,
2016-08-04,115.67,2.49,2.48,4.49,
2016-08-05,116.78,2.56,2.57,4.62,
2016-08-08,116.65,2.55,2.56,4.63,
2016-08-09,116.92,2.57,2.63,4.65,
2016-08-10,116.62,2.55,2.56,4.61,
2016-08-11,117.12,2.58,2.6,4.66,
2016-08-12,117.2,2.58,2.63,4.64,
2016-08-15,117.7,2.62,2.74,4.7,
2016-08-16,117.05,2.58,2.69,4.61,
2016-08-17,117.26,2.59,2.68,4.6,
2016-08-18,117.29,2.59,2.74,4.6,
2016-08-19,117.26,2.59,2.81,4.61,
2016-08-22,117.35,2.59,2.82,4.6,
2016-08-23,117.56,2.6,2.86,4.65,
2016-08-24,116.8,2.55,2.79,4.59,
2016-08-25,116.61,2.54,2.82,4.61,
2016-08-26,116.78,2.55,2.86,4.61,
2016-08-29,116.94,2.56,2.89,4.66,
2016-08-30,116.56,2.54,2.87,4.62,
2016-08-31,116.44,2.53,2.87,4.61,
2016-09-01,116.74,2.54,2.94,4.64,
2016-09-02,117.12,2.57,2.93,4.7,
2016-09-06,117.85,2.62,2.9,4.77,
2016-09-07,117.92,2.63,2.84,4.8,
2016-09-08,117.23,2.58,2.83,4.69,
2016-09-09,114.28,2.38,2.52,4.35,
2016-09-12,116.33,2.51,2.67,4.57,
2016-09-13,115.29,2.45,2.59,4.46,
2016-09-14,115.84,2.48,2.66,4.53,
2016-09-15,117.64,2.59,2.85,4.76,
2016-09-16,117.29,2.59,2.85,4.7,
2016-09-19,116.78,2.56,2.86,4.66,
2016-09-20,117.0,2.57,2.83,4.66,
2016-09-21,118.15,2.65,2.94,4.81,
2016-09-22,119.09,2.71,2.97,4.9,
2016-09-23,118.33,2.66,2.88,4.78,
2016-09-26,117.34,2.59,2.79,4.69,
2016-09-27,118.5,2.67,2.94,4.84,
2016-09-28,118.7,2.68,2.96,4.87,
2016-09-29,117.84,2.62,3.06,4.79,
2016-09-30,118.72,2.68,3.21,4.85,
2016-10-03,118.55,2.67,3.14,4.81,
2016-10-04,118.37,2.66,3.12,4.76,
2016-10-05,118.79,2.69,3.19,4.81,
2016-10-06,118.73,2.68,3.24,4.84,
2016-10-07,118.47,2.66,3.23,4.8,
2016-10-10,119.22,2.71,3.18,4.9,
2016-10-11,117.52,2.6,2.98,4.74,
2016-10-12,117.42,2.59,2.95,4.76,
2016-10-13,117.0,2.56,2.84,4.68,
2016-10-14,117.14,2.57,2.91,4.73,
2016-10-17,116.82,2.55,2.86,4.7,
2016-10-18,117.86,2.62,2.96,4.78,
2016-10-19,117.85,2.62,2.92,4.79,
2016-10-20,117.71,2.61,2.98,4.73,
2016-10-21,118.15,2.64,2.96,4.76,
2016-10-24,119.57,2.73,3.12,4.9,
2016-10-25,119.19,2.7,3.12,4.86,
2016-10-26,118.38,2.65,3.1,4.78,
2016-10-27,117.84,2.62,3.06,4.74,
2016-10-28,117.1,2.57,3.0,4.73,
2016-10-31,116.99,2.56,3.05,4.73,
2016-11-01,116.11,2.5,2.97,4.61,
2016-11-02,115.18,2.44,2.91,4.52,
2016-11-03,114.05,2.37,2.89,4.41,
2016-11-04,113.65,2.34,2.84,4.36,
2016-11-07,116.35,2.51,3.08,4.64,
2016-11-08,117.11,2.56,3.1,4.71,
2016-11-09,117.65,2.59,3.05,4.69,
2016-11-10,115.75,2.47,2.86,4.46,
2016-11-11,115.8,2.47,3.18,4.52,
2016-11-14,114.63,2.38,3.13,4.3,
2016-11-15,116.22,2.49,3.31,4.49,
2016-11-16,116.91,2.54,3.43,4.61,
2016-11-17,117.76,2.59,3.54,4.7,
2016-11-18,117.32,2.57,3.61,4.68,
2016-11-21,118.54,2.64,3.66,4.82,
2016-11-22,118.9,2.67,3.8,4.87,
2016-11-23,118.42,2.63,3.82,4.8,
2016-11-25,118.8,2.66,3.84,4.86,
2016-11-28,118.53,2.64,3.8,4.88,
2016-11-29,118.94,2.67,3.78,4.89,
2016-11-30,117.5,2.58,3.71,4.71,
2016-12-01,115.47,2.44,3.16,4.42,
2016-12-02,115.7,2.45,3.29,4.46,
2016-12-05,116.6,2.51,3.41,4.59,
2016-12-06,116.88,2.53,3.55,4.64,
2016-12-07,118.36,2.62,3.77,4.89,
2016-12-08,118.57,2.64,3.87,4.95,
2016-12-09,119.5,2.7,3.82,5.04,
2016-12-12,118.96,2.66,3.73,5.0,
2016-12-13,120.46,2.76,3.86,5.18,
2016-12-14,120.21,2.74,3.85,5.14,
2016-12-15,120.4,2.76,4.05,5.19,
2016-12-16,119.6,2.73,3.92,5.1,
2016-12-19,120.09,2.76,4.04,5.2,
2016-12-20,120.55,2.79,3.97,5.25,
2016-12-21,120.46,2.78,3.97,5.22,
2016-12-22,120.12,2.76,4.03,5.19,
2016-12-23,120.2,2.77,4.09,5.19,
2016-12-27,120.82,2.81,4.24,5.26,
2016-12-28,119.88,2.74,4.0,5.13,
2016-12-29,119.71,2.73,3.99,5.13,
2016-12-30,118.48,2.65,3.81,4.99,
2017-01-03,119.54,2.71,3.81,5.14,
2017-01-04,120.19,2.76,3.85,5.18,
2017-01-05,120.87,2.81,3.74,5.21,
2017-01-06,121.93,2.88,3.83,5.32,
2017-01-09,122.33,2.91,3.95,5.33,
2017-01-10,122.6,2.93,4.01,5.32,
2017-01-11,122.93,2.95,4.05,5.39,
2017-01-12,122.74,2.93,3.95,5.38,
2017-01-13,123.16,2.97,4.02,5.4,
2017-01-17,122.79,2.94,3.83,5.35,
2017-01-18,123.04,2.96,3.99,5.39,
2017-01-19,122.98,2.95,3.93,5.36,
2017-01-20,123.25,2.97,4.09,5.45,
2017-01-23,123.35,2.98,4.01,5.47,
2017-01-24,124.18,3.04,4.24,5.58,
2017-01-25,125.43,3.13,4.43,5.73,
2017-01-26,125.56,3.14,4.35,5.7,
2017-01-27,125.8,3.16,4.52,5.76,
2017-01-30,124.82,3.09,4.45,5.62,
2017-01-31,124.57,3.07,4.27,5.54,
2017-02-01,125.43,3.13,4.48,5.64,
2017-02-02,125.32,3.12,4.47,5.62,
2017-02-03,125.68,3.15,4.54,5.72,
2017-02-06,125.83,3.16,4.59,5.74,
2017-02-07,126.29,3.19,4.64,5.8,
2017-02-08,126.5,3.21,4.66,5.84,
2017-02-09,126.96,3.24,4.54,5.9,
2017-02-10,127.38,3.27,4.53,5.94,
2017-02-13,128.1,3.33,4.56,6.02,
2017-02-14,128.53,3.36,4.52,6.08,
2017-02-15,129.29,3.42,4.63,6.15,
2017-02-16,129.25,3.42,4.65,6.2,
2017-02-17,129.81,3.46,4.72,6.24,
2017-02-21,130.45,3.52,4.92,6.35,
2017-02-22,130.5,3.52,4.92,6.38,
2017-02-23,130.01,3.48,4.68,6.36,
2017-02-24,130.26,3.5,4.67,6.41,
2017-02-27,130.42,3.51,4.81,6.39,
2017-02-28,130.02,3.48,4.62,6.31,
2017-03-01,131.44,3.59,4.84,6.57,
2017-03-02,130.78,3.54,4.69,6.45,
2017-03-03,131.02,3.55,4.68,6.47,
2017-03-06,130.73,3.53,4.68,6.45,
2017-03-07,130.51,3.51,4.72,6.45,
2017-03-08,130.74,3.53,4.75,6.47,
2017-03-09,130.84,3.54,4.77,6.46,
2017-03-10,131.39,3.58,4.94,6.57,
2017-03-13,131.61,3.6,5.05,6.59,
2017-03-14,131.29,3.57,5.01,6.53,
2017-03-15,132.1,3.64,5.13,6.67,
2017-03-16,132.01,3.63,5.11,6.71,
2017-03-17,131.69,3.62,5.14,6.72,
2017-03-20,131.81,3.64,5.25,6.74,
2017-03-21,129.81,3.47,4.89,6.46,
2017-03-22,130.69,3.54,5.04,6.58,
2017-03-23,130.36,3.51,5.0,6.52,
2017-03-24,130.63,3.53,5.11,6.53,
2017-03-27,130.84,3.55,5.14,6.53,
2017-03-28,131.64,3.62,5.19,6.65,
2017-03-29,132.25,3.67,5.14,6.7,
2017-03-30,132.47,3.68,5.23,6.73,
2017-03-31,132.38,3.68,5.22,6.7,
2017-04-03,132.3,3.67,5.13,6.68,
2017-04-04,132.51,3.68,5.05,6.68,
2017-04-05,131.97,3.64,4.94,6.62,
2017-04-06,132.04,3.64,4.96,6.61,
2017-04-07,131.97,3.64,5.03,6.6,
2017-04-10,132.02,3.64,4.91,6.56,
2017-04-11,131.45,3.6,4.79,6.49,
2017-04-12,130.92,3.55,4.54,6.42,
2017-04-13,130.4,3.51,4.45,6.35,
2017-04-17,131.48,3.59,4.63,6.51,
2017-04-18,131.28,3.58,4.68,6.5,
2017-04-19,131.49,3.6,4.76,6.49,
2017-04-20,132.59,3.68,4.99,6.65,
2017-04-21,132.56,3.68,4.92,6.62,
2017-04-24,134.16,3.81,5.13,6.86,
2017-04-25,135.13,3.9,5.29,6.97,
2017-04-26,134.94,3.88,5.15,6.95,
2017-04-27,135.75,3.95,5.37,7.04,
2017-04-28,135.99,3.97,5.1,7.08,
2017-05-01,137.2,4.07,5.24,7.23,
2017-05-02,137.43,4.1,5.08,7.28,
2017-05-03,136.99,4.06,5.13,7.23,
2017-05-04,137.04,4.06,5.12,7.22,
2017-05-05,137.54,4.1,5.17,7.31,
2017-05-08,137.84,4.13,5.12,7.4,
2017-05-09,138.32,4.17,5.27,7.42,
2017-05-10,138.4,4.18,5.61,7.51,
2017-05-11,138.29,4.17,5.66,7.49,
2017-05-12,138.6,4.2,5.71,7.55,
2017-05-15,139.04,4.24,5.98,7.65,
2017-05-16,139.62,4.29,6.24,7.76,
2017-05-17,136.07,3.97,5.42,7.12,
2017-05-18,137.26,4.07,5.73,7.27,
2017-05-19,137.84,4.12,5.92,7.38,
2017-05-22,139.0,4.22,6.11,7.57,
2017-05-23,139.14,4.23,6.04,7.59,
2017-05-24,139.78,4.29,6.15,7.68,
2017-05-25,140.97,4.4,6.26,7.86,
2017-05-26,141.22,4.42,6.33,7.86,
2017-05-30,141.34,4.43,6.46,7.94,
2017-05-31,141.29,4.43,6.46,7.89,
2017-06-01,141.84,4.48,6.47,7.95,
2017-06-02,143.46,4.63,6.67,8.17,
2017-06-05,143.43,4.63,6.72,8.2,
2017-06-06,142.86,4.58,6.79,8.15,
2017-06-07,143.42,4.63,6.95,8.22,
2017-06-08,143.57,4.64,7.31,8.28,
2017-06-09,139.98,4.3,6.39,7.66,
2017-06-12,139.23,4.22,6.28,7.52,
2017-06-13,140.36,4.32,6.41,7.68,
2017-06-14,139.75,4.27,6.2,7.57,
2017-06-15,139.13,4.21,6.05,7.47,
2017-06-16,138.15,4.16,5.98,7.41,
2017-06-19,140.46,4.36,6.32,7.75,
2017-06-20,139.36,4.26,6.11,7.58,
2017-06-21,140.74,4.38,6.32,7.69,
2017-06-22,140.7,4.38,6.27,7.7,
2017-06-23,141.24,4.43,6.33,7.83,
2017-06-26,140.58,4.37,6.17,7.71,
2017-06-27,138.03,4.13,5.67,7.34,
2017-06-28,140.02,4.3,5.96,7.61,
2017-06-29,137.59,4.08,5.52,7.2,
2017-06-30,137.64,4.07,5.43,7.19,
2017-07-03,136.19,3.96,5.2,7.03,
2017-07-05,137.53,4.07,5.53,7.23,
2017-07-06,136.29,3.96,5.46,7.04,
2017-07-07,137.76,4.08,5.72,7.27,
2017-07-10,138.66,4.17,5.93,7.43,
2017-07-11,139.05,4.2,6.07,7.5,
2017-07-12,140.7,4.35,6.36,7.78,
2017-07-13,141.01,4.38,6.31,7.82,
2017-07-14,142.12,4.48,6.56,8.02,
2017-07-17,142.19,4.49,6.47,8.03,
2017-07-18,143.14,4.57,6.53,8.14,
2017-07-19,143.98,4.66,6.71,8.25,
2017-07-20,144.17,4.68,6.77,8.32,
2017-07-21,144.11,4.67,6.59,8.27,
2017-07-24,144.77,4.73,6.53,8.35,
2017-07-25,144.4,4.7,6.53,8.3,
2017-07-26,144.87,4.74,6.72,8.39,
2017-07-27,143.96,4.66,6.42,8.29,
2017-07-28,143.84,4.64,6.35,8.25,
2017-07-31,143.23,4.58,6.21,8.16,
2017-08-01,143.56,4.61,6.32,8.26,
2017-08-02,143.95,4.64,6.18,8.34,
2017-08-03,143.39,4.6,6.11,8.26,
2017-08-04,143.65,4.61,6.11,8.33,
2017-08-07,144.56,4.7,6.43,8.46,
2017-08-08,144.31,4.68,6.36,8.42,
2017-08-09,144.12,4.66,6.3,8.43,
2017-08-10,141.03,4.36,5.78,7.93,
2017-08-11,142.1,4.46,5.87,8.09,
2017-08-14,143.93,4.63,6.33,8.46,
2017-08-15,144.03,4.64,6.37,8.53,
2017-08-16,144.28,4.66,6.4,8.58,
2017-08-17,141.33,4.38,5.89,8.08,
2017-08-18,141.23,4.36,5.95,8.05,
2017-08-21,141.05,4.35,5.82,8.05,
2017-08-22,143.2,4.55,6.09,8.39,
2017-08-23,142.69,4.5,6.17,8.35,
2017-08-24,142.27,4.46,6.17,8.31,
2017-08-25,141.97,4.43,6.08,8.3,
2017-08-28,142.41,4.47,6.12,8.37,
2017-08-29,142.97,4.52,6.17,8.46,
2017-08-30,144.65,4.68,6.48,8.63,
2017-08-31,146.2,4.81,6.67,8.79,
2017-09-01,146.0,4.81,6.76,8.78,
2017-09-05,144.69,4.68,6.47,8.54,
2017-09-06,145.13,4.72,6.51,8.56,
2017-09-07,145.47,4.75,6.54,8.64,
2017-09-08,144.21,4.63,6.3,8.43,
2017-09-11,145.87,4.78,6.67,8.77,
2017-09-12,146.22,4.82,6.76,8.85,
2017-09-13,146.42,4.84,6.78,8.8,
2017-09-14,145.56,4.76,6.88,8.71,
2017-09-15,146.06,4.8,7.23,8.81,
2017-09-18,145.55,4.78,7.51,8.83,
2017-09-19,145.8,4.8,7.59,8.97,
2017-09-20,145.35,4.76,7.27,8.85,
2017-09-21,144.46,4.67,7.18,8.7,
2017-09-22,144.32,4.66,7.29,8.73,
2017-09-25,142.8,4.52,6.86,8.41,
2017-09-26,143.17,4.55,6.85,8.48,
2017-09-27,144.46,4.67,7.33,8.74,
2017-09-28,144.41,4.66,7.49,8.79,
2017-09-29,145.45,4.76,7.68,8.96,
2017-10-02,145.58,4.77,7.82,8.99,
2017-10-03,145.89,4.8,7.89,9.06,
2017-10-04,146.03,4.82,7.95,9.03,
2017-10-05,147.46,4.95,7.96,9.28,
2017-10-06,147.66,4.97,8.07,9.34,
2017-10-09,147.49,4.96,8.24,9.4,
2017-10-10,147.6,4.97,8.4,9.42,
2017-10-11,148.04,5.01,8.56,9.53,
2017-10-12,147.77,4.99,8.47,9.47,
2017-10-13,148.34,5.04,8.64,9.59,
2017-10-16,148.85,5.09,8.76,9.69,
2017-10-17,149.04,5.11,8.74,9.68,
2017-10-18,148.86,5.09,8.83,9.76,
2017-10-19,148.31,5.04,8.75,9.67,
2017-10-20,148.71,5.07,8.88,9.85,
2017-10-23,147.74,4.98,9.02,9.73,
2017-10-24,147.99,5.0,9.21,9.8,
2017-10-25,147.43,4.94,8.85,9.67,
2017-10-26,146.96,4.9,9.01,9.77,
2017-10-27,151.24,5.32,9.56,10.54,
2017-10-30,151.58,5.36,9.65,10.65,
2017-10-31,152.15,5.41,9.86,10.77,
2017-11-01,152.1,5.41,9.77,10.76,
2017-11-02,151.81,5.38,9.9,10.79,
2017-11-03,153.27,5.53,10.43,11.03,
2017-11-06,153.79,5.59,10.87,11.09,
2017-11-07,153.88,5.6,10.84,11.12,
2017-11-08,154.5,5.67,10.95,11.3,
2017-11-09,153.69,5.57,10.29,11.05,
2017-11-10,153.68,5.57,10.48,11.02,
2017-11-13,153.87,5.59,10.57,11.02,
2017-11-14,153.31,5.53,10.54,10.94,
2017-11-15,152.59,5.45,10.26,10.69,
2017-11-16,154.54,5.66,10.72,11.13,
2017-11-17,153.95,5.59,10.58,10.94,
2017-11-20,153.83,5.58,10.95,11.05,
2017-11-21,155.5,5.76,11.34,11.39,
2017-11-22,155.69,5.78,11.12,11.34,
2017-11-24,156.26,5.84,11.42,11.52,
2017-11-27,156.19,5.83,10.99,11.52,
2017-11-28,156.59,5.88,10.98,11.61,
2017-11-29,153.86,5.57,9.54,10.86,
2017-11-30,155.15,5.71,9.71,11.13,
2017-12-01,154.49,5.64,9.38,10.97,
2017-12-04,152.71,5.44,8.7,10.43,
2017-12-05,152.81,5.45,8.71,10.44,
2017-12-06,153.5,5.52,8.8,10.64,
2017-12-07,154.02,5.58,9.06,10.83,
2017-12-08,154.7,5.65,8.92,10.99,
2017-12-11,155.9,5.78,9.07,11.26,
2017-12-12,155.69,5.76,8.8,11.24,
2017-12-13,155.99,5.79,8.8,11.27,
2017-12-14,155.88,5.78,8.78,11.22,
2017-12-15,157.65,5.97,9.17,11.61,
2017-12-18,158.64,6.12,9.79,11.91,
2017-12-19,157.7,6.02,9.74,11.68,
2017-12-20,157.53,5.99,9.95,11.68,
2017-12-21,157.55,5.99,9.63,11.6,
2017-12-22,157.37,5.97,9.6,11.57,
2017-12-26,156.52,5.88,9.32,11.34,
2017-12-27,156.54,5.88,9.42,11.38,
2017-12-28,156.73,5.89,9.48,11.42,
2017-12-29,155.76,5.78,9.19,11.22,
2018-01-02,158.49,6.08,9.95,11.63,
2018-01-03,160.03,6.25,10.45,11.92,
2018-01-04,160.31,6.29,10.63,12.12,
2018-01-05,161.92,6.48,10.82,12.51,
2018-01-08,162.55,6.55,11.07,12.65,
2018-01-09,162.56,6.56,10.75,12.54,
2018-01-10,162.18,6.51,10.35,12.4,
2018-01-11,163.29,6.64,10.53,12.58,
2018-01-12,164.49,6.78,10.7,12.77,
2018-01-16,164.02,6.73,10.81,12.63,
2018-01-17,165.79,6.94,11.74,13.2,
2018-01-18,165.82,6.95,11.91,13.26,
2018-01-19,166.34,7.02,11.94,13.31,
2018-01-22,168.12,7.24,12.22,13.7,
2018-01-23,169.51,7.42,12.49,13.92,
2018-01-24,168.41,7.27,11.63,13.6,
2018-01-25,168.35,7.26,11.03,13.51,
2018-01-26,170.93,7.58,12.08,14.11,
2018-01-29,170.1,7.48,12.04,13.75,
2018-01-30,168.7,7.29,11.3,13.36,
2018-01-31,169.4,7.38,11.59,13.68,
2018-02-01,167.96,7.2,11.42,13.7,
2018-02-02,164.61,6.76,10.47,12.48,
2018-02-05,158.12,5.98,9.07,10.95,
2018-02-06,162.31,6.44,10.0,11.88,
2018-02-07,160.21,6.18,9.33,11.4,
2018-02-08,153.45,5.42,8.15,10.15,
2018-02-09,156.1,5.67,8.9,10.7,
2018-02-12,158.87,5.99,9.37,11.29,
2018-02-13,159.69,6.06,9.35,11.37,
2018-02-14,162.68,6.42,9.98,12.0,
2018-02-15,165.7,6.75,10.35,12.67,
2018-02-16,164.96,6.68,10.23,12.59,
2018-02-20,165.29,6.71,10.76,12.67,
2018-02-21,164.82,6.65,10.4,12.4,
2018-02-22,164.8,6.65,10.32,12.43,
2018-02-23,168.17,7.05,10.99,13.19,
2018-02-26,170.4,7.33,11.69,13.82,
2018-02-27,168.29,7.07,11.58,13.43,
2018-02-28,167.21,6.93,11.26,13.12,
2018-03-01,164.48,6.59,10.72,12.48,
2018-03-02,165.99,6.77,11.27,12.83,
2018-03-05,167.83,6.99,11.58,13.21,
2018-03-06,168.54,7.07,12.1,13.3,
2018-03-07,168.93,7.13,12.2,13.52,
2018-03-08,169.86,7.23,12.25,13.69,
2018-03-09,173.16,7.66,13.01,14.46,
2018-03-12,174.08,7.77,13.42,14.6,
2018-03-13,171.71,7.49,12.79,14.11,
2018-03-14,171.68,7.46,12.79,14.07,
2018-03-15,171.53,7.43,12.75,14.09,
2018-03-16,171.02,7.38,12.74,14.02,
2018-03-19,167.1,6.92,12.0,13.19,
2018-03-20,167.65,6.97,12.28,13.18,
2018-03-21,166.92,6.87,12.37,12.94,
2018-03-22,162.8,6.36,11.35,11.91,
2018-03-23,158.51,5.85,10.21,10.97,
2018-03-26,164.4,6.51,11.5,12.23,
2018-03-27,159.08,5.89,10.22,11.05,
2018-03-28,157.25,5.68,9.57,10.83,
2018-03-29,160.13,6.0,10.19,11.44,
2018-04-02,155.51,5.46,9.01,10.65,
2018-04-03,157.26,5.65,9.52,10.95,
2018-04-04,159.74,5.91,9.89,11.4,
2018-04-05,160.65,6.01,9.58,11.55,
2018-04-06,156.63,5.56,8.71,10.7,
2018-04-09,157.73,5.67,8.87,10.93,
2018-04-10,161.21,6.05,9.72,11.72,
2018-04-11,160.28,5.94,9.72,11.53,
2018-04-12,162.21,6.15,10.28,11.94,
2018-04-13,161.37,6.06,10.04,11.81,
2018-04-16,162.6,6.19,10.1,12.09,
2018-04-17,166.1,6.59,10.67,12.76,
2018-04-18,166.44,6.64,10.34,12.67,
2018-04-19,164.91,6.46,9.01,12.24,
2018-04-20,162.3,6.15,8.68,11.69,
2018-04-23,161.89,6.1,8.33,11.59,
2018-04-24,158.46,5.71,8.13,10.99,
2018-04-25,158.65,5.73,8.1,10.99,
2018-04-26,161.99,6.09,8.6,11.59,
2018-04-27,162.09,6.1,8.41,11.5,
2018-04-30,160.94,5.97,8.13,11.28,
2018-05-01,162.78,6.17,8.53,11.71,
2018-05-02,161.82,6.06,8.41,11.66,
2018-05-03,161.8,6.06,8.56,11.76,
2018-05-04,164.87,6.4,9.18,12.43,
2018-05-07,166.24,6.55,9.43,12.69,
2018-05-08,166.07,6.53,9.63,12.74,
2018-05-09,167.88,6.75,10.05,13.21,
2018-05-10,169.62,6.96,10.59,13.73,
2018-05-11,169.46,6.94,10.33,13.67,
2018-05-14,169.75,6.97,10.74,13.66,
2018-05-15,167.87,6.74,10.36,13.27,
2018-05-16,168.98,6.87,10.78,13.45,
2018-05-17,168.33,6.79,10.65,13.24,
2018-05-18,167.46,6.68,10.2,13.07,
2018-05-21,168.4,6.8,10.52,13.4,
2018-05-22,168.18,6.76,10.7,13.34,
2018-05-23,169.6,6.93,10.87,13.64,
2018-05-24,169.55,6.93,10.98,13.59,
2018-05-25,169.72,6.94,11.25,13.56,
2018-05-29,168.97,6.86,11.04,13.3,
2018-05-30,170.18,7.0,11.26,13.59,
2018-05-31,170.07,6.99,11.01,13.6,
2018-06-01,172.74,7.31,11.75,14.31,
2018-06-04,174.3,7.5,12.04,14.64,
2018-06-05,174.84,7.58,12.2,14.82,
2018-06-06,175.86,7.7,12.43,15.08,
2018-06-07,174.43,7.52,12.1,14.67,
2018-06-08,174.44,7.52,11.79,14.65,
2018-06-11,174.91,7.58,11.7,14.77,
2018-06-12,175.83,7.7,11.88,14.92,
2018-06-13,175.82,7.69,11.84,14.68,
2018-06-14,177.6,7.92,12.04,14.97,
2018-06-15,176.98,7.84,12.02,14.83,
2018-06-18,176.5,7.82,11.65,14.86,
2018-06-19,176.0,7.76,11.24,14.58,
2018-06-20,177.25,7.92,11.42,14.69,
2018-06-21,175.71,7.71,10.99,14.34,
2018-06-22,175.32,7.64,10.73,14.2,
2018-06-25,171.37,7.15,9.79,13.32,
2018-06-26,172.07,7.23,9.89,13.47,
2018-06-27,169.73,6.94,9.16,12.92,
2018-06-28,171.19,7.11,9.39,13.38,
2018-06-29,171.65,7.14,9.43,13.33,
2018-07-02,172.8,7.3,9.61,13.73,
2018-07-03,170.8,7.05,9.06,13.22,
2018-07-05,172.92,7.31,9.8,13.77,
2018-07-06,175.61,7.64,10.17,14.27,
2018-07-09,177.19,7.85,10.36,14.59,
2018-07-10,177.32,7.87,10.68,14.69,
2018-07-11,176.42,7.75,9.85,14.46,
2018-07-12,179.46,8.13,10.06,15.18,
2018-07-13,179.61,8.16,9.93,15.14,
2018-07-16,179.18,8.1,9.89,15.04,
2018-07-17,180.27,8.25,10.33,15.35,
2018-07-18,179.93,8.2,10.56,15.28,
2018-07-19,179.03,8.08,10.48,15.13,
2018-07-20,178.99,8.07,10.33,15.11,
2018-07-23,179.56,8.14,10.37,15.33,
2018-07-24,180.3,8.24,10.03,15.6,
2018-07-25,182.82,8.59,10.19,16.16,
2018-07-26,180.05,8.21,10.75,15.44,
2018-07-27,177.62,7.87,10.59,14.61,
2018-07-30,175.11,7.53,10.29,13.95,
2018-07-31,176.45,7.68,10.48,14.07,
2018-08-01,177.12,7.78,10.42,14.41,
2018-08-02,179.53,8.09,10.75,14.98,
2018-08-03,180.08,8.17,10.8,15.14,
2018-08-06,181.14,8.32,10.99,15.39,
2018-08-07,181.8,8.4,11.26,15.55,
2018-08-08,182.02,8.42,11.35,15.67,
2018-08-09,181.91,8.41,11.0,15.69,
2018-08-10,180.52,8.22,10.17,15.32,
2018-08-13,180.32,8.19,10.21,15.26,
2018-08-14,181.45,8.34,10.18,15.53,
2018-08-15,179.23,8.04,9.76,15.12,
2018-08-16,179.82,8.11,9.69,15.3,
2018-08-17,179.86,8.11,9.47,15.37,
2018-08-20,179.7,8.1,9.45,15.29,
2018-08-21,180.36,8.18,10.01,15.35,
2018-08-22,181.06,8.27,10.14,15.48,
2018-08-23,180.8,8.23,10.17,15.57,
2018-08-24,182.48,8.46,10.61,16.04,
2018-08-27,184.34,8.72,11.11,16.49,
2018-08-28,184.61,8.76,11.24,16.54,
2018-08-29,186.74,9.06,11.33,17.0,
2018-08-30,186.41,9.01,11.01,16.86,
2018-08-31,186.65,9.04,11.2,16.9,
2018-09-04,185.85,8.93,11.46,16.7,
2018-09-05,183.45,8.57,11.29,16.03,
2018-09-06,181.81,8.34,10.39,15.7,
2018-09-07,181.11,8.26,10.26,15.55,
2018-09-10,181.72,8.33,10.6,15.68,
2018-09-11,183.12,8.52,10.28,16.08,
2018-09-12,182.58,8.44,9.93,15.9,
2018-09-13,184.53,8.69,10.28,16.42,
2018-09-14,183.99,8.63,10.61,16.39,
2018-09-17,181.34,8.26,10.13,15.77,
2018-09-18,182.84,8.46,10.42,16.05,
2018-09-19,182.7,8.44,10.48,15.95,
2018-09-20,184.72,8.7,10.84,16.5,
2018-09-21,183.71,8.57,10.74,16.33,
2018-09-24,183.89,8.64,10.85,16.5,
2018-09-25,184.14,8.68,10.28,16.46,
2018-09-26,184.27,8.67,9.99,16.23,
2018-09-27,185.83,8.91,10.12,16.53,
2018-09-28,185.79,8.89,10.31,16.72,
2018-10-01,186.17,8.94,10.39,16.97,
2018-10-02,185.75,8.89,10.41,16.96,
2018-10-03,185.95,8.92,10.43,17.11,
2018-10-04,182.38,8.41,9.87,16.23,
2018-10-05,180.15,8.09,9.17,15.58,
2018-10-08,179.05,7.95,8.84,15.06,
2018-10-09,179.63,8.01,8.84,15.2,
2018-10-10,171.73,6.97,7.66,13.1,
2018-10-11,169.6,6.69,7.42,12.53,
2018-10-12,174.32,7.25,7.83,13.7,
2018-10-15,172.21,6.98,7.62,13.03,
2018-10-16,177.22,7.58,8.37,14.21,
2018-10-17,177.29,7.61,8.27,14.02,
2018-10-18,173.18,7.08,7.65,13.16,
2018-10-19,173.02,7.05,7.29,13.16,
2018-10-22,173.91,7.16,7.43,13.47,
2018-10-23,173.27,7.08,7.31,13.32,
2018-10-24,165.34,6.11,5.86,11.56,
2018-10-25,171.06,6.74,6.26,12.68,
2018-10-26,166.66,6.22,5.93,11.93,
2018-10-29,163.23,5.89,5.75,11.34,
2018-10-30,165.92,6.11,6.47,11.69,
2018-10-31,169.82,6.53,6.7,12.53,
2018-11-01,172.06,6.81,7.63,13.0,
2018-11-02,169.38,6.51,7.28,12.23,
2018-11-05,168.96,6.44,7.1,12.2,
2018-11-06,170.24,6.58,7.35,12.4,
2018-11-07,175.58,7.18,7.62,13.47,
2018-11-08,174.46,7.06,7.52,13.42,
2018-11-09,171.52,6.7,7.1,12.77,
2018-11-12,166.33,6.11,6.17,11.41,
2018-11-13,166.47,6.11,6.4,11.45,
2018-11-14,165.2,5.96,6.47,11.02,
2018-11-15,168.09,6.28,7.13,11.84,
2018-11-16,167.5,6.21,6.87,11.79,
2018-11-19,162.06,5.61,6.07,10.44,
2018-11-20,159.16,5.3,6.1,9.78,
2018-11-21,160.37,5.42,6.17,9.96,
2018-11-23,159.21,5.3,6.17,9.68,
2018-11-26,162.89,5.66,6.52,10.34,
2018-11-27,163.44,5.72,6.56,10.41,
2018-11-28,168.7,6.26,7.01,11.48,
2018-11-29,168.15,6.21,6.84,11.17,
2018-11-30,169.37,6.34,7.13,11.49,
2018-12-03,172.33,6.66,7.7,12.24,
2018-12-04,165.72,5.93,6.58,10.82,
2018-12-06,166.89,6.01,6.47,10.89,
2018-12-07,161.38,5.43,5.75,9.73,
2018-12-10,163.07,5.6,5.99,10.15,
2018-12-11,163.61,5.66,6.1,10.18,
2018-12-12,165.05,5.8,6.37,10.43,
2018-12-13,165.1,5.8,6.29,10.47,
2018-12-14,161.08,5.36,6.03,9.69,
2018-12-17,157.43,5.02,5.8,9.08,
2018-12-18,158.42,5.1,6.03,9.29,
2018-12-19,154.53,4.73,5.27,8.75,
2018-12-20,152.29,4.54,5.13,8.27,
2018-12-21,147.57,4.1,4.9,7.48,
2018-12-24,143.5,3.8,4.47,6.9,
2018-12-26,152.46,4.48,5.24,8.12,
2018-12-27,153.05,4.55,5.34,8.35,
2018-12-28,152.97,4.53,5.45,8.27,
2018-12-31,154.26,4.63,5.55,8.5,
2019-01-02,154.88,4.7,5.7,8.5,
2019-01-03,149.82,4.24,4.69,7.25,
2019-01-04,156.23,4.78,5.29,8.17,
2019-01-07,158.09,4.94,5.61,8.39,
2019-01-08,159.52,5.08,5.52,8.61,
2019-01-09,160.82,5.2,5.95,8.92,
2019-01-10,161.28,5.25,6.11,9.04,
2019-01-11,160.69,5.19,6.28,8.99,
2019-01-14,159.27,5.05,5.99,8.75,
2019-01-15,162.38,5.33,6.03,9.13,
2019-01-16,162.35,5.34,5.88,9.15,
2019-01-17,163.63,5.46,6.08,9.33,
2019-01-18,165.25,5.61,6.5,9.75,
2019-01-22,161.94,5.3,5.95,9.25,
2019-01-23,162.15,5.31,5.83,9.35,
2019-01-24,163.2,5.4,6.83,9.59,
2019-01-25,165.15,5.59,7.26,10.0,
2019-01-28,163.11,5.39,6.82,9.59,
2019-01-29,161.57,5.24,6.52,9.29,
2019-01-30,165.68,5.63,7.09,10.14,
2019-01-31,168.16,5.88,7.1,10.09,
2019-02-01,167.45,5.8,7.34,10.28,
2019-02-04,169.53,6.01,7.45,10.77,
2019-02-05,171.03,6.17,7.56,11.05,
2019-02-06,170.52,6.12,8.17,11.15,
2019-02-07,168.23,5.87,7.62,10.68,
2019-02-08,168.56,5.9,7.59,10.86,
2019-02-11,168.4,5.89,7.7,10.84,
2019-02-12,170.89,6.14,8.18,11.28,
2019-02-13,171.01,6.16,8.25,11.32,
2019-02-14,171.22,6.18,8.32,11.36,
2019-02-15,171.94,6.25,8.45,11.62,
2019-02-19,172.28,6.29,8.4,11.65,
2019-02-20,172.25,6.29,8.63,11.67,
2019-02-21,171.62,6.22,8.44,11.7,
2019-02-22,172.89,6.35,8.7,12.13,
2019-02-25,173.52,6.42,8.92,12.32,
2019-02-26,173.7,6.44,8.74,12.39,
2019-02-27,173.59,6.42,8.43,12.36,
2019-02-28,173.19,6.38,8.45,12.25,
2019-03-01,174.39,6.51,8.67,12.48,
2019-03-04,174.42,6.51,8.67,12.35,
2019-03-05,174.55,6.53,8.55,12.23,
2019-03-06,173.56,6.41,8.13,12.03,
2019-03-07,171.43,6.18,7.86,11.69,
2019-03-08,171.17,6.14,7.84,11.68,
2019-03-11,174.73,6.53,8.4,12.44,
2019-03-12,175.69,6.63,8.5,12.65,
2019-03-13,177.01,6.78,8.6,12.9,
2019-03-14,176.71,6.75,8.46,12.97,
2019-03-15,178.35,6.91,9.19,13.44,
2019-03-18,178.45,6.98,9.13,13.6,
2019-03-19,179.05,7.05,9.48,13.66,
2019-03-20,179.76,7.13,9.21,13.52,
2019-03-21,182.57,7.46,10.16,14.56,
2019-03-22,178.56,6.97,9.3,13.5,
2019-03-25,178.22,6.93,8.94,13.35,
2019-03-26,179.05,7.02,9.22,13.56,
2019-03-27,177.9,6.88,8.81,13.34,
2019-03-28,178.31,6.93,8.77,13.49,
2019-03-29,179.66,7.08,9.17,13.86,
2019-04-01,182.04,7.36,9.84,14.43,
2019-04-02,182.73,7.44,9.88,14.59,
2019-04-03,183.78,7.57,10.55,14.93,
2019-04-04,183.71,7.56,10.59,14.76,
2019-04-05,184.66,7.67,10.83,14.94,
2019-04-08,185.13,7.73,10.91,15.12,
2019-04-09,184.48,7.65,10.54,14.9,
2019-04-10,185.47,7.77,10.81,15.21,
2019-04-11,185.03,7.71,10.78,15.14,
2019-04-12,185.83,7.81,11.23,15.44,
2019-04-15,185.86,7.82,10.99,15.44,
2019-04-16,186.5,7.89,12.04,15.66,
2019-04-17,187.15,7.97,12.59,15.91,
2019-04-18,187.39,7.99,12.61,16.04,
2019-04-22,187.92,8.06,12.62,16.14,
2019-04-23,190.31,8.37,13.0,16.69,
2019-04-24,189.71,8.29,13.37,16.7,
2019-04-25,190.48,8.38,12.65,16.66,
2019-04-26,190.65,8.41,12.33,16.47,
2019-04-29,191.02,8.45,12.26,16.48,
2019-04-30,189.54,8.26,12.54,16.58,
2019-05-01,188.93,8.17,12.23,16.46,
2019-05-02,188.11,8.07,12.64,16.18,
2019-05-03,191.11,8.45,12.89,16.64,
2019-05-06,189.94,8.3,12.26,16.26,
2019-05-07,186.24,7.81,11.36,15.19,
2019-05-08,185.77,7.74,11.09,15.14,
2019-05-09,184.77,7.62,10.69,14.83,
2019-05-10,185.0,7.64,10.73,14.95,
2019-05-13,178.58,6.85,9.21,13.27,
2019-05-14,180.54,7.07,9.87,13.91,
2019-05-15,183.09,7.36,10.11,14.33,
2019-05-16,184.93,7.59,9.6,14.78,
2019-05-17,183.04,7.36,9.03,14.4,
2019-05-20,179.95,6.99,7.95,13.63,
2019-05-21,181.83,7.2,8.45,14.12,
2019-05-22,181.02,7.1,7.92,13.9,
2019-05-23,178.25,6.77,7.52,13.17,
2019-05-24,178.16,6.76,7.33,13.18,
2019-05-28,177.49,6.68,7.13,13.03,
2019-05-29,176.03,6.52,7.22,12.81,
2019-05-30,176.77,6.59,7.39,13.04,
2019-05-31,173.95,6.28,7.07,12.4,
2019-06-03,170.12,5.88,7.13,11.73,
2019-06-04,174.91,6.35,8.04,12.9,
2019-06-05,176.21,6.49,7.88,13.44,
2019-06-06,177.61,6.64,8.21,13.89,
2019-06-07,181.04,7.02,8.46,14.65,
2019-06-10,183.15,7.28,9.12,15.08,
2019-06-11,183.4,7.3,9.19,15.1,
2019-06-12,182.34,7.18,8.54,14.84,
2019-06-13,183.42,7.3,8.71,14.97,
2019-06-14,182.64,7.2,8.02,14.56,
2019-06-17,183.74,7.34,7.86,14.64,
2019-06-18,186.41,7.65,8.88,15.4,
2019-06-19,187.11,7.74,8.9,15.58,
2019-06-20,188.85,7.95,9.14,16.23,
2019-06-21,188.57,7.92,8.96,16.01,
2019-06-24,188.16,7.92,9.01,16.09,
2019-06-25,184.93,7.51,8.62,15.2,
2019-06-26,185.79,7.61,9.43,15.69,
2019-06-27,186.5,7.69,9.85,15.81,
2019-06-28,186.74,7.72,9.89,15.86,
2019-07-01,189.26,8.03,10.69,16.58,
2019-07-02,190.01,8.13,10.24,16.7,
2019-07-03,191.44,8.31,10.08,17.04,
2019-07-05,191.05,8.25,9.92,16.98,
2019-07-08,189.71,8.08,9.68,16.57,
2019-07-09,190.66,8.2,9.9,16.73,
2019-07-10,192.56,8.44,10.11,17.11,
2019-07-11,192.42,8.42,10.19,17.31,
2019-07-12,193.53,8.56,10.77,17.7,
2019-07-15,194.15,8.63,11.02,17.84,
2019-07-16,193.15,8.51,10.66,17.35,
2019-07-17,192.2,8.39,10.75,17.23,
2019-07-18,192.42,8.42,11.24,17.62,
2019-07-19,191.01,8.22,11.17,17.32,
2019-07-22,192.53,8.41,11.82,17.97,
2019-07-23,193.79,8.57,12.27,18.24,
2019-07-24,195.15,8.76,13.39,18.71,
2019-07-25,193.3,8.51,12.71,18.26,
2019-07-26,195.29,8.76,12.7,18.58,
2019-07-29,194.62,8.68,12.8,18.56,
2019-07-30,193.78,8.56,12.71,18.18,
2019-07-31,191.1,8.2,11.49,17.34,
2019-08-01,190.15,8.09,10.8,17.1,
2019-08-02,187.35,7.72,10.29,16.19,
2019-08-05,180.73,6.91,8.95,14.21,
2019-08-06,183.26,7.19,9.31,14.93,
2019-08-07,184.25,7.29,9.5,15.2,
2019-08-08,188.26,7.78,10.28,16.3,
2019-08-09,186.49,7.55,9.7,15.72,
2019-08-12,184.35,7.29,9.36,15.1,
2019-08-13,188.39,7.77,10.18,16.22,
2019-08-14,182.76,7.08,9.23,14.76,
2019-08-15,182.55,7.05,9.15,14.67,
2019-08-16,185.48,7.37,9.9,15.47,
2019-08-19,188.43,7.72,10.47,16.19,
2019-08-20,186.97,7.56,10.3,15.96,
2019-08-21,188.63,7.75,10.59,16.48,
2019-08-22,188.02,7.68,10.58,16.37,
2019-08-23,182.07,6.97,9.21,14.77,
2019-08-26,184.82,7.26,9.44,15.36,
2019-08-27,184.43,7.21,9.34,15.28,
2019-08-28,185.09,7.28,9.51,15.32,
2019-08-29,187.92,7.61,10.16,16.12,
2019-08-30,187.47,7.56,10.33,16.08,
2019-09-03,185.65,7.34,9.79,15.52,
2019-09-04,188.33,7.65,10.59,16.32,
2019-09-05,191.78,8.07,11.58,17.35,
2019-09-06,191.59,8.05,11.63,17.26,
2019-09-09,191.19,8.0,11.79,16.89,
2019-09-10,190.64,7.93,11.95,16.62,
2019-09-11,192.43,8.15,12.48,17.12,
2019-09-12,193.23,8.25,12.59,17.39,
2019-09-13,192.54,8.16,12.48,17.02,
2019-09-16,191.68,8.05,12.23,16.9,
2019-09-17,192.6,8.15,12.34,17.08,
2019-09-18,192.52,8.15,12.36,17.11,
2019-09-19,192.84,8.19,12.17,17.22,
2019-09-20,190.8,7.93,11.49,16.6,
2019-09-23,190.5,7.93,11.85,16.74,
2019-09-24,187.97,7.62,11.25,16.22,
2019-09-25,190.08,7.86,11.83,16.8,
2019-09-26,189.38,7.79,11.86,16.84,
2019-09-27,187.03,7.5,11.0,16.18,
2019-09-30,188.81,7.7,11.35,16.68,
2019-10-01,187.27,7.52,11.04,16.24,
2019-10-02,184.05,7.13,10.52,15.29,
2019-10-03,186.07,7.37,11.05,15.86,
2019-10-04,188.81,7.68,11.65,16.64,
2019-10-07,188.24,7.61,11.39,16.43,
2019-10-08,185.42,7.26,10.34,15.55,
2019-10-09,187.23,7.48,10.86,16.21,
2019-10-10,188.68,7.64,11.18,16.52,
2019-10-11,191.11,7.93,11.93,17.2,
2019-10-14,191.09,7.94,11.93,17.2,
2019-10-15,193.52,8.24,12.71,17.76,
2019-10-16,193.04,8.18,12.16,17.41,
2019-10-17,193.55,8.23,12.28,17.27,
2019-10-18,191.69,8.0,11.87,16.76,
2019-10-21,193.39,8.21,12.55,17.33,
2019-10-22,191.85,8.02,12.26,16.62,
2019-10-23,192.22,8.06,11.54,16.67,
2019-10-24,194.09,8.29,12.38,17.37,
2019-10-25,195.64,8.48,13.14,17.98,
2019-10-28,197.57,8.74,13.83,18.66,
2019-10-29,196.04,8.53,13.47,18.15,
2019-10-30,196.99,8.65,13.47,18.5,
2019-10-31,197.08,8.66,13.22,18.45,
2019-11-01,198.87,8.9,14.13,19.1,
2019-11-04,200.1,9.06,15.05,19.4,
2019-11-05,200.21,9.07,15.14,19.32,
2019-11-06,199.76,9.01,14.8,19.34,
2019-11-07,200.43,9.1,15.09,19.75,
2019-11-08,201.23,9.21,15.33,20.08,
2019-11-11,200.96,9.17,15.08,20.12,
2019-11-12,201.54,9.24,15.22,20.29,
2019-11-13,201.59,9.23,15.21,20.46,
2019-11-14,201.43,9.23,15.08,20.38,
2019-11-15,202.91,9.4,15.47,20.86,
2019-11-18,203.07,9.45,15.38,21.05,
2019-11-19,203.37,9.49,15.14,21.18,
2019-11-20,202.15,9.32,14.62,20.76,
2019-11-21,201.7,9.25,14.12,20.48,
2019-11-22,201.83,9.27,14.11,20.4,
2019-11-25,204.22,9.6,15.14,21.26,
2019-11-26,204.61,9.65,14.94,21.28,
2019-11-27,206.04,9.85,15.26,21.65,
2019-11-29,205.1,9.72,14.76,21.43,
2019-12-02,203.0,9.4,14.11,20.57,
2019-12-03,201.41,9.19,13.47,20.04,
2019-12-04,202.43,9.33,14.1,20.25,
2019-12-05,202.83,9.38,14.27,20.45,
2019-12-06,205.0,9.67,14.93,21.14,
2019-12-09,204.07,9.55,14.68,20.81,
2019-12-10,203.9,9.53,14.84,20.83,
2019-12-11,204.98,9.67,15.82,21.25,
2019-12-12,206.51,9.89,17.1,21.94,
2019-12-13,207.19,9.98,16.82,22.39,
2019-12-16,209.27,10.27,17.3,22.96,
2019-12-17,209.39,10.28,17.52,22.81,
2019-12-18,209.55,10.31,17.5,22.81,
2019-12-19,210.86,10.52,17.91,23.26,
2019-12-20,211.71,10.64,18.49,23.63,
2019-12-23,211.81,10.72,18.59,23.88,
2019-12-24,211.92,10.73,18.73,23.9,
2019-12-26,213.79,11.01,18.8,24.4,
2019-12-27,213.61,10.98,18.59,24.43,
2019-12-30,212.21,10.76,18.2,24.0,
2019-12-31,212.61,10.82,18.32,24.17,
2020-01-02,216.16,11.35,19.46,25.52,
2020-01-03,214.18,11.05,18.41,24.71,
2020-01-06,215.56,11.26,17.83,24.89,
2020-01-07,215.53,11.24,18.75,24.8,
2020-01-08,217.15,11.5,18.79,25.62,
2020-01-09,218.99,11.79,19.11,26.48,
2020-01-10,218.43,11.69,18.72,26.3,
2020-01-13,220.95,12.1,19.46,27.37,
2020-01-14,220.08,11.96,19.58,26.85,
2020-01-15,220.17,11.97,18.88,26.96,
2020-01-16,222.28,12.3,19.82,28.06,
2020-01-17,223.38,12.49,20.21,28.62,
2020-01-21,223.28,12.48,20.17,28.58,
2020-01-22,223.87,12.57,20.65,28.89,
2020-01-23,224.59,12.68,21.12,29.3,
2020-01-24,222.7,12.35,20.41,28.83,
2020-01-27,218.1,11.59,18.04,26.8,
2020-01-28,221.45,12.13,19.33,28.29,
2020-01-29,221.81,12.17,18.27,28.47,
2020-01-30,222.6,12.31,18.2,29.26,
2020-01-31,219.07,11.7,16.24,26.84,
2020-02-03,222.38,12.24,16.86,27.88,
2020-02-04,227.47,13.08,18.43,30.11,
2020-02-05,228.22,13.23,19.64,30.64,
2020-02-06,230.19,13.55,19.65,31.43,
2020-02-07,229.2,13.38,18.27,30.6,
2020-02-10,231.97,13.86,19.09,31.8,
2020-02-11,232.01,13.87,20.24,31.49,
2020-02-12,234.27,14.28,21.13,32.48,
2020-02-13,233.97,14.22,21.18,32.24,
2020-02-14,234.64,14.32,21.04,32.65,
2020-02-18,234.73,14.34,20.17,32.32,
2020-02-19,236.98,14.76,21.73,33.38,
2020-02-20,234.78,14.34,20.76,32.38,
2020-02-21,230.27,13.52,18.9,30.19,
2020-02-24,221.39,11.96,16.2,26.39,
2020-02-25,215.37,10.99,14.71,23.89,
2020-02-26,216.48,11.14,14.84,24.13,
2020-02-27,205.64,9.48,12.74,20.21,
2020-02-28,205.8,9.62,13.67,20.76,
2020-03-02,216.42,10.94,15.02,24.32,
2020-03-03,209.48,9.91,13.5,21.47,
2020-03-04,218.22,11.11,15.48,24.33,
2020-03-05,211.59,10.14,14.09,21.96,
2020-03-06,208.02,9.6,13.24,20.61,
2020-03-09,193.57,7.65,9.89,16.0,
2020-03-10,204.11,8.85,11.77,19.04,
2020-03-11,195.22,7.71,9.78,16.42,
2020-03-12,177.32,5.59,6.8,11.58,
2020-03-13,192.34,7.11,8.66,15.7,
2020-03-16,169.3,4.66,5.32,10.02,
2020-03-17,182.14,5.41,5.85,10.88,
2020-03-18,176.6,4.91,4.33,9.84,
2020-03-19,177.66,5.03,4.66,9.72,
2020-03-20,170.7,4.44,4.26,8.52,
2020-03-23,170.46,4.45,4.66,8.31,
2020-03-24,183.66,5.45,6.25,10.7,
2020-03-25,182.3,5.32,6.0,10.64,
2020-03-26,191.9,6.18,7.21,12.61,
2020-03-27,185.3,5.54,6.1,10.97,
2020-03-30,192.04,6.12,6.75,12.29,
2020-03-31,190.4,5.95,6.32,11.62,
2020-04-01,182.31,5.22,5.29,9.97,
2020-04-02,186.01,5.53,5.78,10.65,
2020-04-03,183.37,5.3,5.44,10.13,
2020-04-06,196.48,6.41,7.1,12.72,
2020-04-07,196.4,6.4,7.01,12.43,
2020-04-08,200.57,6.81,7.72,13.38,
2020-04-09,200.86,6.83,7.21,13.4,
2020-04-13,203.03,7.07,7.47,13.51,
2020-04-14,211.86,7.99,8.46,15.2,
2020-04-15,209.43,7.72,7.78,14.23,
2020-04-16,213.25,8.14,8.35,14.68,
2020-04-17,215.29,8.34,8.56,15.3,
2020-04-20,212.74,8.07,8.01,14.52,
2020-04-21,204.89,7.18,6.89,12.71,
2020-04-22,210.97,7.81,8.04,14.17,
2020-04-23,210.52,7.76,7.84,13.88,
2020-04-24,213.84,8.14,8.33,14.72,
2020-04-27,215.56,8.3,8.67,15.16,
2020-04-28,211.5,7.85,8.54,14.54,
2020-04-29,219.0,8.66,9.76,16.33,
2020-04-30,218.91,8.72,8.73,16.09,
2020-05-01,212.74,7.94,7.41,14.72,
2020-05-04,215.22,8.22,7.61,15.3,
2020-05-05,217.66,8.48,8.0,16.03,
2020-05-06,219.0,8.65,8.28,16.34,
2020-05-07,221.82,8.99,8.52,17.13,
2020-05-08,224.86,9.35,9.27,17.85,
2020-05-11,226.87,9.58,9.24,18.23,
2020-05-12,222.12,9.01,8.46,17.04,
2020-05-13,219.34,8.67,8.0,16.15,
2020-05-14,221.83,8.96,8.64,16.82,
2020-05-15,223.27,9.11,8.1,17.01,
2020-05-18,227.43,9.64,9.23,18.29,
2020-05-19,226.86,9.56,9.12,18.08,
2020-05-20,231.39,10.12,10.16,19.23,
2020-05-21,228.87,9.81,9.37,18.51,
2020-05-22,229.66,9.9,9.51,18.67,
2020-05-26,229.04,9.86,9.8,18.67,
2020-05-27,230.29,10.0,10.22,18.94,
2020-05-28,229.99,9.94,9.55,18.79,
2020-05-29,233.36,10.35,10.27,19.47,
2020-06-01,234.06,10.47,10.15,19.49,100.01
2020-06-02,235.63,10.68,10.8,20.05,100.01
2020-06-03,236.69,10.83,11.75,20.51,100.01
2020-06-04,235.03,10.61,12.06,20.0,100.01
2020-06-05,239.69,11.24,12.93,21.55,100.01
2020-06-08,241.55,11.49,12.86,21.93,100.01
2020-06-09,243.3,11.74,12.88,22.2,100.01
2020-06-10,246.22,12.17,13.0,23.38,100.01
2020-06-11,234.02,10.38,10.52,19.33,100.01
2020-06-12,235.88,10.6,10.95,20.0,100.01
2020-06-15,238.75,10.97,11.43,20.59,100.01
2020-06-16,242.85,11.55,12.04,21.99,100.01
2020-06-17,243.62,11.67,12.37,21.95,100.02
2020-06-18,244.28,11.76,12.31,22.27,100.02
2020-06-19,244.24,11.74,12.07,21.8,100.03
2020-06-22,246.74,12.16,12.39,23.02,100.02
2020-06-23,248.84,12.48,12.49,23.52,100.02
2020-06-24,243.71,11.74,11.65,21.91,100.02
2020-06-25,246.03,12.05,11.94,22.74,100.02
2020-06-26,240.22,11.19,11.22,21.44,100.01
2020-06-29,242.84,11.54,11.61,22.05,100.03
2020-06-30,247.6,12.21,12.55,23.29,100.03
2020-07-01,250.49,12.64,12.02,23.36,100.01
2020-07-02,252.19,12.91,12.47,23.78,100.02
2020-07-06,258.39,13.86,13.47,25.04,100.01
2020-07-07,256.61,13.59,12.97,24.29,100.01
2020-07-08,259.99,14.11,13.51,25.39,100.01
2020-07-09,262.18,14.46,14.05,25.71,100.03
2020-07-10,263.97,14.77,13.91,25.67,100.03
2020-07-13,258.54,13.86,13.21,24.12,100.03
2020-07-14,260.37,14.15,13.91,24.86,100.02
2020-07-15,260.9,14.22,13.77,25.35,100.02
2020-07-16,259.12,13.91,13.6,24.4,100.02
2020-07-17,259.42,13.98,13.86,24.69,100.02
2020-07-20,266.78,15.17,14.71,26.56,100.02
2020-07-21,264.0,14.69,14.4,25.83,100.02
2020-07-22,264.93,14.85,14.57,26.45,100.02
2020-07-23,258.01,13.69,13.89,24.39,100.02
2020-07-24,255.56,13.29,13.23,23.5,100.02
2020-07-27,260.12,14.0,14.48,24.55,100.02
2020-07-28,256.81,13.47,13.63,23.74,100.02
2020-07-29,259.77,13.93,14.51,24.73,100.03
2020-07-30,261.13,14.16,15.36,25.13,100.02
2020-07-31,265.79,14.92,15.1,27.09,100.03
2020-08-03,269.38,15.48,16.0,29.01,100.01
2020-08-04,270.38,15.68,16.69,29.27,100.01
2020-08-05,271.05,15.81,16.65,29.51,100.01
2020-08-06,274.64,16.41,16.59,30.82,100.01
2020-08-07,271.47,15.87,16.03,29.48,100.02
2020-08-10,270.31,15.66,16.04,29.18,100.01
2020-08-11,265.19,14.77,15.51,27.56,100.01
2020-08-12,271.86,15.88,17.07,29.52,100.02
2020-08-13,272.48,15.99,16.51,29.51,100.02
2020-08-14,272.16,15.94,16.45,29.45,100.03
2020-08-17,275.32,16.47,17.08,30.09,100.03
2020-08-18,277.97,16.95,16.79,30.45,100.02
2020-08-19,276.1,16.62,16.47,30.24,100.03
2020-08-20,279.93,17.3,16.04,31.48,100.02
2020-08-21,281.87,17.67,16.39,32.61,100.02
2020-08-24,283.63,17.99,16.85,33.56,100.02
2020-08-25,285.86,18.41,17.39,34.05,100.03
2020-08-26,291.96,19.59,17.58,36.14,100.01
2020-08-27,291.05,19.41,16.9,36.23,100.03
2020-08-28,292.53,19.71,17.86,37.13,100.02
2020-08-31,294.88,20.17,17.81,37.49,100.02
2020-09-01,299.92,21.22,18.81,39.74,100.0
2020-09-02,302.76,21.82,20.5,40.76,100.01
2020-09-03,287.41,18.47,17.0,33.62,100.01
2020-09-04,283.58,17.7,16.53,32.25,100.01
2020-09-08,269.95,15.2,14.17,27.94,100.01
2020-09-09,277.88,16.51,15.35,30.53,100.02
2020-09-10,272.34,15.55,14.71,28.62,100.01
2020-09-11,270.45,15.21,14.66,27.85,100.01
2020-09-14,275.16,16.0,15.58,29.62,100.01
2020-09-15,279.06,16.68,16.39,30.53,100.01
2020-09-16,274.61,15.88,15.89,29.13,100.01
2020-09-17,270.32,15.15,15.82,28.32,100.01
2020-09-18,266.87,14.56,15.08,26.86,100.01
2020-09-21,267.51,14.73,15.01,27.56,100.01
2020-09-22,272.48,15.54,15.55,28.92,100.01
2020-09-23,264.16,14.1,14.4,26.18,100.01
2020-09-24,265.39,14.31,14.82,26.57,100.01
2020-09-25,271.56,15.31,15.46,28.53,100.02
2020-09-28,277.2,16.22,16.72,30.15,100.02
2020-09-29,275.95,16.05,16.86,29.84,100.02
2020-09-30,277.84,16.36,16.88,30.58,100.02
2020-10-01,282.25,17.13,17.93,31.55,100.01
2020-10-02,274.31,15.72,16.33,29.12,100.01
2020-10-05,280.16,16.71,17.92,31.09,100.02
2020-10-06,275.16,15.81,17.62,29.62,100.01
2020-10-07,279.92,16.64,18.68,31.21,100.01
2020-10-08,281.41,16.89,19.33,31.68,100.01
2020-10-09,285.71,17.64,20.34,33.19,100.01
2020-10-12,294.53,19.28,21.23,35.87,100.01
2020-10-13,294.52,19.28,21.2,35.22,100.01
2020-10-14,292.06,18.81,20.86,34.63,100.01
2020-10-15,290.1,18.42,20.7,34.14,100.01
2020-10-16,288.51,18.14,20.4,33.88,100.01
2020-10-19,283.8,17.24,20.08,32.03,100.01
2020-10-20,284.41,17.35,20.01,32.32,100.01
2020-10-21,284.19,17.3,19.59,32.22,100.01
2020-10-22,284.18,17.31,19.66,31.78,100.01
2020-10-23,284.74,17.41,19.37,31.6,100.02
2020-10-26,280.47,16.62,18.13,29.54,100.02
2020-10-27,282.66,17.01,17.95,30.01,100.02
2020-10-28,271.64,15.02,16.16,26.13,100.02
2020-10-29,276.39,15.78,17.45,27.47,100.02
2020-10-30,269.38,14.68,16.6,25.65,100.02
2020-11-02,269.98,14.69,16.86,25.8,100.02
2020-11-03,274.65,15.43,17.87,27.24,100.01
2020-11-04,286.91,17.51,19.74,30.37,100.01
2020-11-05,294.39,18.86,22.34,33.25,100.01
2020-11-06,294.61,18.92,23.49,33.51,100.01
2020-11-09,288.59,17.77,22.6,32.85,100.02
2020-11-10,283.42,16.81,20.56,30.92,100.01
2020-11-11,289.76,17.94,22.8,33.13,100.01
2020-11-12,288.4,17.68,21.92,32.22,100.01
2020-11-13,290.93,18.14,22.73,33.08,100.01
2020-11-16,293.2,18.56,24.41,34.08,100.01
2020-11-17,292.27,18.39,23.82,33.5,100.01
2020-11-18,290.11,17.96,23.31,32.38,100.02
2020-11-19,292.38,18.41,24.39,33.2,100.01
2020-11-20,290.38,18.03,24.0,32.17,100.01
2020-11-23,290.39,18.04,25.08,32.18,100.02
2020-11-24,294.47,18.77,25.49,33.42,100.02
2020-11-25,296.28,19.13,25.22,33.64,100.01
2020-11-27,299.01,19.65,26.08,34.23,100.02
2020-11-30,299.62,19.75,27.06,34.92,100.02
2020-12-01,303.46,20.53,28.5,36.33,100.01
2020-12-02,303.85,20.61,28.72,36.05,100.01
2020-12-03,304.28,20.69,28.76,35.97,100.01
2020-12-04,305.52,20.95,31.15,37.07,100.01
2020-12-07,307.25,21.3,31.56,37.41,100.01
2020-12-08,308.29,21.5,31.96,37.77,100.01
2020-12-09,301.31,20.06,29.23,35.49,100.01
2020-12-10,302.52,20.31,29.17,35.49,100.01
2020-12-11,301.85,20.16,28.16,35.31,100.01
2020-12-14,304.04,20.59,29.22,35.68,100.01
2020-12-15,307.29,21.23,30.44,37.42,100.01
2020-12-16,308.98,21.59,30.38,38.19,100.03
2020-12-17,311.0,22.03,30.54,39.12,100.01
2020-12-18,310.06,21.79,30.14,38.72,100.01
2020-12-21,308.92,21.71,29.55,38.76,100.01
2020-12-22,309.76,21.88,29.43,39.8,100.01
2020-12-23,308.2,21.55,28.82,38.83,100.01
2020-12-24,309.56,21.83,29.65,39.7,100.01
2020-12-28,312.68,22.49,29.49,41.01,100.01
2020-12-29,312.96,22.55,29.26,40.43,100.01
2020-12-30,312.97,22.55,30.77,40.35,100.01
2020-12-31,313.74,22.73,31.1,40.65,100.01
2021-01-04,309.31,21.73,30.67,38.61,100.01
2021-01-05,311.86,22.28,32.45,39.38,100.01
2021-01-06,307.54,21.35,32.21,37.22,100.01
2021-01-07,314.98,22.9,35.76,40.21,100.01
2021-01-08,319.03,23.78,35.79,41.02,100.01
2021-01-11,314.42,22.73,37.09,39.94,100.01
2021-01-12,313.92,22.64,37.82,39.45,100.01
2021-01-13,316.04,23.08,37.92,40.2,100.01
2021-01-14,314.35,22.72,40.39,39.13,100.01
2021-01-15,311.86,22.17,37.82,37.94,100.01
2021-01-19,316.41,23.13,41.67,39.42,100.01
2021-01-20,323.77,24.75,41.32,41.75,100.01
2021-01-21,326.36,25.36,43.16,43.32,100.01
2021-01-22,325.42,25.13,40.79,42.81,100.01
2021-01-25,328.11,25.83,40.97,43.97,100.02
2021-01-26,328.59,25.85,39.06,44.03,100.02
2021-01-27,319.43,23.77,33.14,41.54,100.02
2021-01-28,321.32,24.12,35.13,42.08,100.02
2021-01-29,314.56,22.62,33.4,39.08,100.02
2021-02-01,322.42,24.28,37.35,42.01,100.01
2021-02-02,327.68,25.45,39.05,43.67,100.01
2021-02-03,326.38,25.16,36.63,43.28,100.01
2021-02-04,330.24,26.05,37.54,45.21,100.01
2021-02-05,331.36,26.33,36.72,45.0,100.01
2021-02-08,333.58,26.84,40.13,46.39,100.01
2021-02-09,333.51,26.83,39.62,46.19,100.01
2021-02-10,332.75,26.64,40.0,45.97,100.01
2021-02-11,334.58,27.07,44.16,47.51,100.01
2021-02-12,336.45,27.53,45.77,48.27,100.01
2021-02-16,335.54,27.3,46.58,47.88,100.01
2021-02-17,333.93,26.92,44.01,46.48,100.01
2021-02-18,332.47,26.56,42.69,45.87,100.01
2021-02-19,331.02,26.2,45.8,45.58,100.01
2021-02-22,322.44,24.17,40.81,42.64,100.01
2021-02-23,321.48,23.96,39.98,42.27,100.01
2021-02-24,324.13,24.54,43.75,44.21,100.02
2021-02-25,312.83,21.98,36.22,39.6,100.01
2021-02-26,314.14,22.31,38.71,40.24,100.01
2021-03-01,323.59,24.25,42.56,43.91,100.03
2021-03-02,318.4,23.09,38.55,41.86,100.03
2021-03-03,309.16,21.08,35.01,38.73,100.01
2021-03-04,304.1,20.04,29.98,36.2,100.02
2021-03-05,308.68,20.94,32.75,38.27,100.02
2021-03-08,299.94,19.15,27.52,35.5,100.02
2021-03-09,311.77,21.41,32.45,39.06,100.01
2021-03-10,310.88,21.22,30.72,38.59,100.02
2021-03-11,318.04,22.69,34.47,41.04,100.01
2021-03-12,315.46,22.13,33.42,40.2,100.01
2021-03-15,318.83,22.84,35.57,41.49,100.02
2021-03-16,320.58,23.21,36.98,42.47,100.03
2021-03-17,321.9,23.5,38.42,42.4,100.03
2021-03-18,312.04,21.35,33.71,38.81,100.02
2021-03-19,313.14,21.62,34.75,38.33,100.03
2021-03-22,318.61,22.77,37.0,40.66,100.02
2021-03-23,317.22,22.48,34.03,39.88,100.03
2021-03-24,311.87,21.34,32.59,38.44,100.03
2021-03-25,311.33,21.23,32.81,38.4,100.02
2021-03-26,316.0,22.16,37.69,41.29,100.03
2021-03-29,315.91,22.15,35.79,40.62,100.01
2021-03-30,314.32,21.83,35.52,39.64,100.03
2021-03-31,319.13,22.82,38.21,41.32,100.01
2021-04-01,324.57,23.98,42.41,43.78,100.03
2021-04-05,331.05,25.42,45.0,46.49,100.02
2021-04-06,330.82,25.35,43.38,45.99,100.03
2021-04-07,331.62,25.54,43.38,46.74,100.02
2021-04-08,335.08,26.34,44.79,48.76,100.03
2021-04-09,337.11,26.82,44.48,50.11,100.02
2021-04-12,336.67,26.71,43.09,49.48,100.02
2021-04-13,340.6,27.63,42.69,50.85,100.03
2021-04-14,336.51,26.66,41.27,49.16,100.03
2021-04-15,341.61,27.83,43.47,51.74,100.03
2021-04-16,342.01,27.95,42.75,51.69,100.03
2021-04-19,338.88,27.19,39.6,50.35,100.03
2021-04-20,336.41,26.59,37.71,49.05,100.03
2021-04-21,339.29,27.27,40.75,50.51,100.02
2021-04-22,335.2,26.27,37.98,48.77,100.03
2021-04-23,339.42,27.26,40.15,50.83,100.03
2021-04-26,341.63,27.81,42.21,51.73,100.02
2021-04-27,340.15,27.44,41.34,51.31,100.02
2021-04-28,339.0,27.16,39.42,49.88,100.03
2021-04-29,340.22,27.43,40.31,49.77,100.03
2021-04-30,337.99,26.92,36.9,47.75,100.03
2021-05-03,336.19,26.48,35.61,47.33,100.03
2021-05-04,330.14,25.08,33.97,44.72,100.02
2021-05-05,329.03,24.79,34.55,44.43,100.03
2021-05-06,331.51,25.33,35.4,45.78,100.03
2021-05-07,334.2,25.95,36.93,46.86,100.02
2021-05-10,325.76,24.0,31.93,43.4,100.03
2021-05-11,325.31,23.88,32.11,43.04,100.02
2021-05-12,316.89,22.06,28.13,39.37,100.03
2021-05-13,319.34,22.53,29.33,40.92,100.02
2021-05-14,326.39,23.99,31.93,43.58,100.03
2021-05-17,324.41,23.59,31.1,42.62,100.02
2021-05-18,322.22,23.09,30.29,41.6,100.03
2021-05-19,322.59,23.18,32.05,42.03,100.02
2021-05-20,328.83,24.52,34.64,44.42,100.02
2021-05-21,327.01,24.11,34.14,43.7,100.02
2021-05-24,332.51,25.32,36.53,45.99,100.03
2021-05-25,332.97,25.44,36.94,46.12,100.03
2021-05-26,334.13,25.7,37.18,46.1,100.03
2021-05-27,332.88,25.4,37.86,45.35,100.02
2021-05-28,333.93,25.65,38.78,45.78,100.03
2021-06-01,332.82,25.4,38.34,45.13,100.03
2021-06-02,333.47,25.53,39.19,46.0,100.03
2021-06-03,330.0,24.73,37.12,44.74,100.02
2021-06-04,335.6,26.0,39.74,47.28,100.02
2021-06-07,336.6,26.23,38.91,47.28,100.02
2021-06-08,336.76,26.25,38.17,47.33,100.03
2021-06-09,336.84,26.28,37.7,47.41,100.03
2021-06-10,340.35,27.09,39.04,48.48,100.03
2021-06-11,341.24,27.31,39.49,49.28,100.03
2021-06-14,344.51,28.07,41.17,50.84,100.03
2021-06-15,342.26,27.55,40.04,49.88,100.03
2021-06-16,341.01,27.25,39.18,49.05,100.03
2021-06-17,345.34,28.27,40.31,50.8,100.02
2021-06-18,342.63,27.6,37.32,49.32,100.01
2021-06-21,344.36,28.1,38.12,50.95,100.01
2021-06-22,347.57,28.89,38.6,52.31,100.03
2021-06-23,347.74,28.94,39.05,52.08,100.02
2021-06-24,349.89,29.47,41.08,53.13,100.02
2021-06-25,349.46,29.38,40.66,52.98,100.03
2021-06-28,353.71,30.42,43.65,54.62,100.02
2021-06-29,354.99,30.76,44.64,55.78,100.03
2021-06-30,354.43,30.62,44.54,55.62,100.03
2021-07-01,354.57,30.64,42.57,55.78,100.02
2021-07-02,358.64,31.68,43.32,58.13,100.02
2021-07-06,360.19,32.1,43.04,58.75,100.03
2021-07-07,360.95,32.31,41.24,59.68,100.02
2021-07-08,358.77,31.75,39.78,58.02,100.02
2021-07-09,361.01,32.29,41.77,59.58,100.02
2021-07-12,362.42,32.69,43.33,59.71,100.02
2021-07-13,362.42,32.67,42.62,60.53,100.03
2021-07-14,363.07,32.85,42.16,61.88,100.02
2021-07-15,360.52,32.17,39.42,60.27,100.02
2021-07-16,357.6,31.38,36.76,58.45,100.03
2021-07-19,354.67,30.63,36.84,56.1,100.03
2021-07-20,358.79,31.64,38.34,58.5,100.02
2021-07-21,361.56,32.36,41.85,60.23,100.03
2021-07-22,363.95,33.04,40.74,61.56,100.03
2021-07-23,368.2,34.14,41.55,63.33,100.03
2021-07-26,368.49,34.28,41.45,63.28,100.02
2021-07-27,364.43,33.16,39.15,61.46,100.03
2021-07-28,365.83,33.53,41.18,61.17,100.03
2021-07-29,366.48,33.69,43.45,62.09,100.03
2021-07-30,364.57,33.19,44.39,61.96,100.03
2021-08-02,364.6,33.17,45.21,61.22,100.01
2021-08-03,366.81,33.75,45.97,62.48,100.03
2021-08-04,367.34,33.92,47.61,62.82,100.03
2021-08-05,369.67,34.56,47.17,63.9,100.03
2021-08-06,368.05,34.11,46.63,63.68,100.03
2021-08-09,368.73,34.29,46.15,63.07,100.02
2021-08-10,366.84,33.78,44.45,61.69,100.02
2021-08-11,366.21,33.6,44.17,61.71,100.02
2021-08-12,367.53,33.94,42.62,62.78,100.01
2021-08-13,368.82,34.28,43.48,63.85,100.03
2021-08-16,368.98,34.35,43.01,64.69,100.03
2021-08-17,365.73,33.44,40.46,63.02,100.01
2021-08-18,362.21,32.47,38.66,60.44,100.03
2021-08-19,363.96,32.93,39.63,62.23,100.02
2021-08-20,367.73,33.95,40.43,64.63,100.03
2021-08-23,373.23,35.46,43.69,67.09,100.02
2021-08-24,374.37,35.81,43.73,66.89,100.03
2021-08-25,374.8,35.85,44.78,66.73,100.02
2021-08-26,372.42,35.24,44.68,65.48,100.03
2021-08-27,376.04,36.28,47.3,67.31,100.03
2021-08-30,380.26,37.48,47.74,69.5,100.03
2021-08-31,379.95,37.37,46.55,68.47,100.03
2021-09-01,380.58,37.58,45.96,68.47,100.03
2021-09-02,380.4,37.53,46.3,68.35,100.02
2021-09-03,381.57,37.86,47.24,69.15,100.03
2021-09-07,382.11,38.02,46.77,69.17,100.03
2021-09-08,380.78,37.63,44.95,68.31,100.03
2021-09-09,379.47,37.22,45.55,67.47,100.02
2021-09-10,376.59,36.39,46.59,65.54,100.03
2021-09-13,376.33,36.31,47.87,65.56,100.03
2021-09-14,375.26,35.99,47.87,65.34,100.02
2021-09-15,378.05,36.79,48.59,66.98,100.03
2021-09-16,378.31,36.86,49.07,67.16,100.03
2021-09-17,373.83,35.56,46.75,64.07,100.03
2021-09-20,365.7,33.37,43.3,60.52,100.02
2021-09-21,366.15,33.42,43.6,60.52,100.03
2021-09-22,369.57,34.39,46.26,63.09,100.03
2021-09-23,372.98,35.35,48.1,65.59,100.02
2021-09-24,373.33,35.45,47.95,65.75,100.03
2021-09-27,370.35,34.59,47.69,63.81,100.03
2021-09-28,359.87,31.71,42.23,58.12,100.02
2021-09-29,359.28,31.5,40.12,57.88,100.03
2021-09-30,357.96,31.14,40.04,56.64,100.03
2021-10-01,360.18,31.71,40.07,59.12,100.01
2021-10-04,352.62,29.76,37.02,54.99,100.02
2021-10-05,357.38,30.91,38.65,57.35,100.03
2021-10-06,359.67,31.51,39.06,58.52,100.01
2021-10-07,362.97,32.37,40.39,60.13,100.01
2021-10-08,361.16,31.87,39.33,59.49,100.03
2021-10-11,358.39,31.16,38.38,58.47,100.02
2021-10-12,357.14,30.84,37.05,57.59,100.02
2021-10-13,360.0,31.57,37.65,58.6,100.02
2021-10-14,366.63,33.31,41.05,62.53,100.02
2021-10-15,368.94,33.93,41.84,64.08,100.02
2021-10-18,372.65,34.94,42.86,65.69,100.03
2021-10-19,375.47,35.71,44.43,67.57,100.02
2021-10-20,374.98,35.6,44.2,67.04,100.02
2021-10-21,377.27,36.24,45.59,67.8,100.03
2021-10-22,374.1,35.32,44.05,67.1,100.03
2021-10-25,377.93,36.38,45.06,67.82,100.01
2021-10-26,379.12,36.72,44.96,68.37,100.02
2021-10-27,380.0,37.01,44.09,68.09,100.01
2021-10-28,384.22,38.22,47.0,70.09,100.01
2021-10-29,386.11,38.79,47.65,71.06,100.02
2021-11-01,387.43,39.17,49.96,71.03,100.02
2021-11-02,389.05,39.69,51.82,72.72,100.03
2021-11-03,393.18,40.96,53.67,73.99,100.03
2021-11-04,398.22,42.48,59.08,77.4,100.02
2021-11-05,398.6,42.64,60.91,78.46,100.02
2021-11-08,398.06,42.47,63.54,79.83,100.03
2021-11-09,395.32,41.59,63.4,78.89,100.02
2021-11-10,389.51,39.77,57.95,74.86,100.03
2021-11-11,390.59,40.09,61.64,76.06,100.02
2021-11-12,394.7,41.36,63.35,78.76,100.02
2021-11-15,394.61,41.35,63.2,78.52,100.02
2021-11-16,397.42,42.21,66.15,80.96,100.01
2021-11-17,397.63,42.26,64.52,80.21,100.02
2021-11-18,401.75,43.55,67.98,82.53,100.02
2021-11-19,403.99,44.28,68.61,84.48,100.02
2021-11-22,399.3,42.75,65.43,81.66,100.02
2021-11-23,397.48,42.17,64.74,81.09,100.03
2021-11-24,398.76,42.56,66.88,82.78,100.03
2021-11-26,391.2,40.21,61.37,76.63,100.02
2021-11-29,399.69,42.71,68.41,82.26,100.03
2021-11-30,393.82,40.87,64.67,80.22,100.02
2021-12-01,387.12,38.78,63.16,76.87,100.01
2021-12-02,389.91,39.51,63.25,79.01,100.01
2021-12-03,383.13,37.52,62.93,75.02,100.02
2021-12-06,386.2,38.4,62.6,77.28,100.02
2021-12-07,397.83,41.86,71.99,85.26,100.02
2021-12-08,399.61,42.44,70.69,86.42,100.01
2021-12-09,393.73,40.61,65.9,83.34,100.02
2021-12-10,398.01,41.87,67.6,88.45,100.03
2021-12-13,392.26,40.07,62.34,84.34,100.03
2021-12-14,388.2,38.88,61.52,80.22,100.02
2021-12-15,397.05,41.45,68.12,86.56,100.02
2021-12-16,386.84,38.28,59.23,79.25,100.03
2021-12-17,384.91,37.7,58.96,77.58,100.02
2021-12-20,380.69,36.57,57.55,74.87,100.01
2021-12-21,389.21,39.02,63.5,80.46,100.02
2021-12-22,393.95,40.41,65.38,83.72,100.02
2021-12-23,396.92,41.37,67.41,85.05,100.03
2021-12-27,403.48,43.35,72.99,90.5,100.02
2021-12-28,401.61,42.84,70.52,89.08,100.02
2021-12-29,401.55,42.77,71.0,89.28,100.01
2021-12-30,400.35,42.37,68.36,87.55,100.01
2021-12-31,397.85,41.58,68.01,86.23,100.03
2022-01-03,401.68,42.78,72.1,88.68,100.02
2022-01-04,396.47,41.12,71.07,85.87,100.01
2022-01-05,384.29,37.34,64.01,77.97,100.01
2022-01-06,384.02,37.24,65.54,76.74,100.02
2022-01-07,379.86,36.02,59.74,74.49,100.03
2022-01-10,380.11,36.15,60.0,74.64,100.02
2022-01-11,385.82,37.74,63.29,77.37,100.02
2022-01-12,387.35,38.17,64.58,78.36,100.02
2022-01-13,377.66,35.4,60.2,72.4,100.01
2022-01-14,380.01,35.94,64.48,74.12,100.03
2022-01-18,370.55,33.35,55.98,68.79,100.03
2022-01-19,366.48,32.19,50.82,65.94,100.03
2022-01-20,361.72,30.94,45.99,63.3,100.02
2022-01-21,351.69,28.33,43.71,59.57,100.02
2022-01-24,353.3,28.75,45.45,60.5,100.01
2022-01-25,345.11,26.62,40.19,56.32,100.02
2022-01-26,344.57,26.58,42.12,57.25,100.03
2022-01-27,341.1,25.78,36.36,56.15,100.02
2022-01-28,351.8,28.18,38.41,63.39,100.03
2022-01-31,363.05,30.92,44.58,68.33,100.03
2022-02-01,365.52,31.5,45.91,68.75,100.03
2022-02-02,368.49,32.25,49.34,70.4,100.02
2022-02-03,353.55,28.37,42.63,64.23,100.02
2022-02-04,358.01,29.35,43.46,65.0,100.02
2022-02-07,355.13,28.68,43.41,63.65,100.03
2022-02-08,359.12,29.66,46.6,66.06,100.02
2022-02-09,366.73,31.5,51.02,70.4,100.03
2022-02-10,358.43,29.41,46.42,64.91,100.02
2022-02-11,347.06,26.64,39.54,59.0,100.01
2022-02-14,347.49,26.72,39.59,58.98,100.02
2022-02-15,356.13,28.65,46.01,63.53,100.02
2022-02-16,356.04,28.65,46.1,63.28,100.03
2022-02-17,345.45,26.1,40.87,57.63,100.03
2022-02-18,341.51,25.22,39.63,55.86,100.03
2022-02-22,338.08,24.44,38.61,54.33,100.02
2022-02-23,329.42,22.57,35.91,50.27,100.03
2022-02-24,340.49,24.78,39.94,55.3,100.02
2022-02-25,345.77,25.95,41.78,57.65,100.03
2022-02-28,346.8,26.23,41.01,57.33,100.03
2022-03-01,341.49,25.02,36.58,53.89,100.03
2022-03-02,347.22,26.22,40.12,57.37,100.02
2022-03-03,342.26,25.12,37.55,55.25,100.03
2022-03-04,337.3,24.05,34.77,52.39,100.03
2022-03-07,324.86,21.36,29.58,46.69,100.03
2022-03-08,323.35,21.07,31.16,45.99,100.03
2022-03-09,334.99,23.32,34.93,51.47,100.02
2022-03-10,331.27,22.57,32.75,48.68,100.03
2022-03-11,324.4,21.17,30.69,46.12,100.03
2022-03-14,318.17,19.93,27.91,43.5,100.03
2022-03-15,328.15,21.77,31.51,47.88,100.02
2022-03-16,340.32,24.22,36.3,52.63,100.03
2022-03-17,344.44,25.03,36.95,53.7,100.03
2022-03-18,351.49,26.58,39.17,56.91,100.03
2022-03-21,350.08,26.4,39.0,56.66,100.03
2022-03-22,356.96,27.95,39.59,59.07,100.04
2022-03-23,351.83,26.77,36.69,56.35,100.04
2022-03-24,359.65,28.51,42.09,60.74,100.04
2022-03-25,359.35,28.47,42.01,60.58,100.03
2022-03-28,364.91,29.76,42.71,62.89,100.03
2022-03-29,371.19,31.28,45.58,66.74,100.04
2022-03-30,367.09,30.34,41.35,64.04,100.05
2022-03-31,362.54,29.09,38.78,61.44,100.05
2022-04-01,361.85,28.97,36.29,60.71,100.03
2022-04-04,369.3,30.77,37.96,64.18,100.03
2022-04-05,361.1,28.74,32.88,60.09,100.02
2022-04-06,353.26,26.85,30.51,55.55,100.03
2022-04-07,354.1,27.02,30.51,56.19,100.03
2022-04-08,349.15,25.92,28.29,53.68,100.03
2022-04-11,340.89,24.08,26.49,49.65,100.03
2022-04-12,339.45,23.77,26.24,49.03,100.03
2022-04-13,346.35,25.19,28.03,51.28,100.04
2022-04-14,338.43,23.5,25.61,47.59,100.04
2022-04-18,338.69,23.57,26.98,48.04,100.04
2022-04-19,346.26,25.08,28.75,50.73,100.04
2022-04-20,341.21,23.95,28.5,50.6,100.04
2022-04-21,334.15,22.55,26.21,48.03,100.04
2022-04-22,325.4,20.75,24.45,43.97,100.04
2022-04-25,329.58,21.52,25.67,45.95,100.04
2022-04-26,317.14,19.1,22.43,40.91,100.05
2022-04-27,316.76,19.02,21.95,42.66,100.05
2022-04-28,328.01,21.03,25.58,47.76,100.06
2022-04-29,313.25,18.26,22.24,41.88,100.06
2022-05-02,318.48,19.12,24.5,43.8,100.03
2022-05-03,318.82,19.17,25.11,43.94,100.03
2022-05-04,329.6,21.07,28.02,48.53,100.03
2022-05-05,313.0,17.93,23.99,41.64,100.04
2022-05-06,309.25,17.31,23.35,40.54,100.04
2022-05-09,297.15,15.26,19.72,35.87,100.04
2022-05-10,300.76,15.78,21.09,37.46,100.04
2022-05-11,291.84,14.38,19.15,33.88,100.04
2022-05-12,291.15,14.27,19.41,32.83,100.04
2022-05-13,301.94,15.81,22.49,36.15,100.04
2022-05-16,298.44,15.32,21.37,35.12,100.04
2022-05-17,306.17,16.48,24.58,38.14,100.05
2022-05-18,291.14,14.07,20.85,32.99,100.05
2022-05-19,289.58,13.79,20.51,31.85,100.06
2022-05-20,288.68,13.67,20.36,32.01,100.05
2022-05-23,293.48,14.35,20.63,34.27,100.07
2022-05-24,287.24,13.45,19.1,32.69,100.07
2022-05-25,291.26,13.99,20.19,33.82,100.07
2022-05-26,299.33,15.16,22.54,36.28,100.08
2022-05-27,309.1,16.65,25.26,39.94,100.08
2022-05-31,308.28,16.52,24.86,39.13,100.08
2022-06-01,306.0,16.14,23.71,38.73,100.04
2022-06-02,314.38,17.45,26.2,41.49,100.05
2022-06-03,306.2,16.07,23.93,38.52,100.05
2022-06-06,307.22,16.27,23.91,38.5,100.04
2022-06-07,309.87,16.67,24.6,39.94,100.04
2022-06-08,307.64,16.33,22.91,38.55,100.04
2022-06-09,299.4,14.99,21.09,35.46,100.05
2022-06-10,288.84,13.4,18.81,31.38,100.05
2022-06-13,275.41,11.54,15.55,27.24,100.04
2022-06-14,275.91,11.61,15.76,27.7,100.04
2022-06-15,282.8,12.45,16.61,29.44,100.04
2022-06-16,271.39,10.93,13.57,25.9,100.06
2022-06-17,274.69,11.34,13.7,26.54,100.07
2022-06-21,281.08,12.19,14.8,28.54,100.09
2022-06-22,280.67,12.15,14.29,28.23,100.08
2022-06-23,284.85,12.66,14.01,29.45,100.09
2022-06-24,294.61,13.99,15.81,32.62,100.07
2022-06-27,292.45,13.66,15.8,31.95,100.09
2022-06-28,283.54,12.41,14.56,29.09,100.09
2022-06-29,283.8,12.44,13.55,29.25,100.1
2022-06-30,280.28,12.0,13.1,28.07,100.12
2022-07-01,282.13,12.19,11.6,28.24,100.04
2022-07-05,286.96,12.82,11.85,29.3,100.05
2022-07-06,288.8,13.07,12.09,30.07,100.05
2022-07-07,294.98,13.88,13.71,31.91,100.06
2022-07-08,295.35,13.94,13.91,31.99,100.06
2022-07-11,289.04,13.06,12.91,30.64,100.06
2022-07-12,286.24,12.68,12.97,29.38,100.05
2022-07-13,285.65,12.6,13.29,29.15,100.04
2022-07-14,286.67,12.73,14.07,29.91,100.07
2022-07-15,291.87,13.4,15.11,31.48,100.06
2022-07-18,289.4,13.09,14.92,30.59,100.07
2022-07-19,298.3,14.23,16.95,33.3,100.08
2022-07-20,303.03,14.94,18.2,34.91,100.08
2022-07-21,307.38,15.58,19.1,36.37,100.09
2022-07-22,301.99,14.77,17.65,34.92,100.11
2022-07-25,300.27,14.55,17.3,34.26,100.11
2022-07-26,294.37,13.66,16.43,32.53,100.1
2022-07-27,306.81,15.37,18.73,36.72,100.12
2022-07-28,309.81,15.81,19.37,38.4,100.12
2022-07-29,315.46,16.68,19.83,40.1,100.1
2022-08-01,315.27,16.66,20.01,39.9,100.03
2022-08-02,314.33,16.5,19.92,39.06,100.04
2022-08-03,322.89,17.82,21.55,42.14,100.05
2022-08-04,324.4,18.08,22.07,42.68,100.06
2022-08-05,321.75,17.65,21.56,42.39,100.06
2022-08-08,320.71,17.47,20.54,41.31,100.06
2022-08-09,317.08,16.86,17.69,40.05,100.08
2022-08-10,325.93,18.25,19.91,43.29,100.07
2022-08-11,324.08,17.98,19.78,42.74,100.09
2022-08-12,330.39,18.99,21.6,45.33,100.1
2022-08-15,333.06,19.44,21.78,46.15,100.1
2022-08-16,332.28,19.32,21.14,45.81,100.11
2022-08-17,328.49,18.65,19.55,44.86,100.12
2022-08-18,329.28,18.77,20.89,45.48,100.13
2022-08-19,322.86,17.67,19.17,42.99,100.13
2022-08-22,314.36,16.28,17.04,39.41,100.17
2022-08-23,314.1,16.23,17.33,39.07,100.14
2022-08-24,315.01,16.35,17.41,39.15,100.16
2022-08-25,320.58,17.22,19.32,41.09,100.18
2022-08-26,307.44,15.12,15.98,35.85,100.18
2022-08-29,304.41,14.65,15.05,34.42,100.19
2022-08-30,301.02,14.16,14.47,33.3,100.19
2022-08-31,299.27,13.9,14.04,32.33,100.2
2022-09-01,299.4,13.92,13.22,31.86,100.06
2022-09-02,295.17,13.34,12.86,30.61,100.06
2022-09-06,293.05,13.03,12.42,29.98,100.07
2022-09-07,298.97,13.81,12.99,31.4,100.09
2022-09-08,300.52,14.03,13.65,31.72,100.11
2022-09-09,307.09,14.92,14.65,33.61,100.1
2022-09-12,310.74,15.47,14.78,35.18,100.1
2022-09-13,293.7,12.92,12.09,29.59,100.13
2022-09-14,296.03,13.21,12.46,29.96,100.12
2022-09-15,291.1,12.55,11.91,27.81,100.15
2022-09-16,289.32,12.3,12.06,27.36,100.15
2022-09-19,291.05,12.6,12.26,28.03,100.16
2022-09-20,288.73,12.3,11.7,27.52,100.18
2022-09-21,283.56,11.62,11.4,26.21,100.19
2022-09-22,280.07,11.19,10.51,25.4,100.2
2022-09-23,275.51,10.65,10.03,24.41,100.22
2022-09-26,274.37,10.51,9.55,23.87,100.22
2022-09-27,274.48,10.52,9.81,23.99,100.23
2022-09-28,279.94,11.14,10.17,24.7,100.23
2022-09-29,271.87,10.19,9.29,22.78,100.26
2022-09-30,267.26,9.66,8.86,21.48,100.27
2022-10-03,273.53,10.33,9.7,23.41,100.12
2022-10-04,282.13,11.29,11.04,25.74,100.13
2022-10-05,281.98,11.29,11.42,26.05,100.13
2022-10-06,279.76,11.01,11.19,25.4,100.16
2022-10-07,269.1,9.75,9.21,22.19,100.17
2022-10-10,266.41,9.44,8.28,21.12,100.17
2022-10-11,262.75,9.07,7.57,20.14,100.18
2022-10-12,262.66,9.05,7.34,19.95,100.16
2022-10-13,268.82,9.65,8.0,21.76,100.19
2022-10-14,260.74,8.78,6.93,19.95,100.21
2022-10-17,269.35,9.65,7.33,21.73,100.2
2022-10-18,271.48,9.89,7.4,22.28,100.22
2022-10-19,270.49,9.77,7.57,22.1,100.22
2022-10-20,269.11,9.6,7.7,22.1,100.24
2022-10-21,275.42,10.28,8.58,23.9,100.26
2022-10-24,278.45,10.64,8.68,24.86,100.27
2022-10-25,284.21,11.27,9.26,26.29,100.26
2022-10-26,277.93,10.53,9.01,24.52,100.26
2022-10-27,272.87,9.95,8.52,23.71,100.31
2022-10-28,281.22,10.85,9.5,26.74,100.31
2022-10-31,277.95,10.48,8.92,25.72,100.31
2022-11-01,275.11,10.15,9.1,25.05,100.08
2022-11-02,265.68,9.1,8.24,22.45,100.1
2022-11-03,260.49,8.57,7.89,20.46,100.14
2022-11-04,264.68,8.98,8.99,21.54,100.15
2022-11-07,267.59,9.26,9.59,22.63,100.16
2022-11-08,269.54,9.46,10.17,23.24,100.17
2022-11-09,263.32,8.8,9.24,21.46,100.2
2022-11-10,282.75,10.73,12.08,26.81,100.21
2022-11-11,287.96,11.34,13.22,28.1,100.22
2022-11-14,285.44,11.03,12.77,27.36,100.22
2022-11-15,289.39,11.48,13.87,28.31,100.22
2022-11-16,285.44,11.02,12.13,27.15,100.21
2022-11-17,284.81,10.93,12.37,27.25,100.26
2022-11-18,284.82,10.92,12.49,27.37,100.26
2022-11-21,281.89,10.59,11.89,26.46,100.28
2022-11-22,285.95,11.03,12.9,27.98,100.31
2022-11-23,288.82,11.36,13.32,28.71,100.33
2022-11-25,286.92,11.13,12.86,28.21,100.34
2022-11-28,282.71,10.64,11.84,26.37,100.36
2022-11-29,280.57,10.39,11.73,25.61,100.36
2022-11-30,293.36,11.78,13.82,29.43,100.37
2022-12-01,293.72,11.85,13.5,29.55,100.13
2022-12-02,292.55,11.7,13.03,29.03,100.14
2022-12-05,287.64,11.11,12.59,27.57,100.17
2022-12-06,281.68,10.41,11.72,25.79,100.19
2022-12-07,280.53,10.28,11.7,25.4,100.18
2022-12-08,283.85,10.65,12.62,26.61,100.23
2022-12-09,282.04,10.44,12.32,26.08,100.23
2022-12-12,285.58,10.82,12.98,27.78,100.25
2022-12-13,288.65,11.16,13.63,28.75,100.26
2022-12-14,286.51,10.9,13.0,28.05,100.26
2022-12-15,276.89,9.82,11.4,24.92,99.97
2022-12-16,274.25,9.53,11.11,23.9,99.98
2022-12-19,269.75,9.14,10.69,22.93,99.98
2022-12-20,269.54,9.1,10.41,22.96,100.0
2022-12-21,273.45,9.49,11.14,24.11,100.0
2022-12-22,266.76,8.77,9.78,22.3,100.06
2022-12-23,267.36,8.8,9.77,22.34,100.06
2022-12-27,263.58,8.42,9.27,21.69,100.09
2022-12-28,260.1,8.08,8.86,20.63,100.1
2022-12-29,266.44,8.65,9.67,22.2,100.14
2022-12-30,266.28,8.65,9.67,22.1,100.14
2023-01-03,264.48,8.45,9.36,21.48,100.16
2023-01-04,265.74,8.59,10.07,21.65,100.15
2023-01-05,261.58,8.18,9.57,20.37,100.19
2023-01-06,268.8,8.82,10.87,22.12,100.21
2023-01-09,270.54,9.01,11.53,22.87,100.21
2023-01-10,272.83,9.24,11.97,23.29,100.21
2023-01-11,277.55,9.7,12.4,24.49,100.21
2023-01-12,279.05,9.85,12.82,25.04,100.28
2023-01-13,280.97,10.05,12.95,25.24,100.29
2023-01-17,281.54,10.1,13.06,25.57,100.28
2023-01-18,277.88,9.73,12.82,24.6,100.31
2023-01-19,275.15,9.43,11.77,23.75,100.33
2023-01-20,282.68,10.19,12.79,25.61,100.35
2023-01-23,288.96,10.86,14.74,27.35,100.35
2023-01-24,288.37,10.8,14.44,27.31,100.38
2023-01-25,287.73,10.72,14.53,27.09,100.39
2023-01-26,293.34,11.34,15.24,28.39,100.42
2023-01-27,296.26,11.66,14.98,28.72,100.43
2023-01-30,290.27,10.97,13.8,27.11,100.46
2023-01-31,294.62,11.45,14.52,28.23,100.46
2023-02-01,300.92,12.19,16.8,30.2,100.08
2023-02-02,311.72,13.45,17.92,32.66,100.13
2023-02-03,306.18,12.76,16.93,31.84,100.14
2023-02-06,303.59,12.44,16.1,30.69,100.14
2023-02-07,309.88,13.2,17.59,32.96,100.16
2023-02-08,304.37,12.49,16.49,31.76,100.17
2023-02-09,301.68,12.16,16.58,31.28,100.21
2023-02-10,299.7,11.91,15.8,30.75,100.22
2023-02-13,304.5,12.48,16.42,32.34,100.24
2023-02-14,306.75,12.74,17.33,32.65,100.23
2023-02-15,309.1,13.03,17.54,33.17,100.26
2023-02-16,303.3,12.28,16.28,31.42,100.3
2023-02-17,301.16,12.02,15.5,30.24,100.31
2023-02-21,294.03,11.18,14.01,28.09,100.33
2023-02-22,294.25,11.19,13.83,27.94,100.35
2023-02-23,296.82,11.47,15.08,29.3,100.39
2023-02-24,291.85,10.89,14.31,27.73,100.4
2023-02-27,293.94,11.12,14.5,28.16,100.41
2023-02-28,293.56,11.06,14.65,27.98,100.43
2023-03-01,291.2,10.8,14.68,27.34,100.16
2023-03-02,293.61,11.06,15.01,28.35,100.21
2023-03-03,299.68,11.73,15.68,30.13,100.22
2023-03-06,300.02,11.78,15.17,30.6,100.21
2023-03-07,296.34,11.34,14.65,29.43,100.24
2023-03-08,297.82,11.49,15.81,30.15,100.25
2023-03-09,292.66,10.89,14.91,28.84,100.28
2023-03-10,288.55,10.44,14.05,27.31,100.3
2023-03-13,290.69,10.66,14.02,27.71,100.33
2023-03-14,297.37,11.39,15.22,29.62,100.35
2023-03-15,298.93,11.56,14.69,29.66,100.39
2023-03-16,306.81,12.47,16.42,32.16,100.41
2023-03-17,305.36,12.28,16.13,32.03,100.42
2023-03-20,305.97,12.41,16.61,32.25,100.43
2023-03-21,310.34,12.94,16.67,32.93,100.46
2023-03-22,306.12,12.34,16.24,31.94,100.45
2023-03-23,309.75,12.78,17.49,33.52,100.49
2023-03-24,310.89,12.91,16.57,33.73,100.53
2023-03-27,308.76,12.65,15.97,32.96,100.51
2023-03-28,307.12,12.44,15.63,32.48,100.54
2023-03-29,312.72,13.11,17.08,34.5,100.55
2023-03-30,315.68,13.47,17.95,35.66,100.57
2023-03-31,320.93,14.13,18.3,37.18,100.58
2023-04-03,320.15,14.03,17.81,36.99,100.23
2023-04-04,319.07,13.89,16.79,36.4,100.25
2023-04-05,315.92,13.44,15.92,35.13,100.29
2023-04-06,318.05,13.72,15.66,35.67,100.32
2023-04-10,317.87,13.69,16.39,35.59,100.33
2023-04-11,315.83,13.42,16.21,34.6,100.33
2023-04-12,313.04,13.06,15.33,34.03,100.35
2023-04-13,319.17,13.81,15.67,35.87,100.41
2023-04-14,318.57,13.73,15.58,35.23,100.42
2023-04-17,318.84,13.75,15.58,35.61,100.42
2023-04-18,318.86,13.76,15.78,35.93,100.44
2023-04-19,318.71,13.73,15.26,35.61,100.47
2023-04-20,316.28,13.41,15.2,34.9,100.51
2023-04-21,316.61,13.44,14.86,34.51,100.52
2023-04-24,315.95,13.35,14.63,34.06,100.53
2023-04-25,309.99,12.6,13.2,31.87,100.53
2023-04-26,311.87,12.81,13.37,33.3,100.53
2023-04-27,320.35,13.85,13.54,35.36,100.56
2023-04-28,322.56,14.12,14.23,36.49,100.56
2023-05-01,322.19,14.09,14.66,36.56,100.18
2023-05-02,319.38,13.71,14.35,35.53,100.2
2023-05-03,317.29,13.44,13.84,34.61,100.2
2023-05-04,316.17,13.29,13.6,34.11,100.25
2023-05-05,322.89,14.1,14.47,36.62,100.26
2023-05-08,323.69,14.22,14.65,36.56,100.27
2023-05-09,321.64,13.94,13.94,35.71,100.28
2023-05-10,325.14,14.4,14.31,36.98,100.3
2023-05-11,326.2,14.52,14.07,36.46,100.36
2023-05-12,325.03,14.36,14.02,36.31,100.38
2023-05-15,326.79,14.59,15.11,37.18,100.37
2023-05-16,327.16,14.64,15.05,37.31,100.4
2023-05-17,331.12,15.16,16.14,38.78,100.41
2023-05-18,337.27,15.98,17.67,41.16,100.44
2023-05-19,336.51,15.87,17.39,41.04,100.45
2023-05-22,337.64,16.03,17.53,41.25,100.46
2023-05-23,333.36,15.41,16.92,39.45,100.48
2023-05-24,331.65,15.16,16.03,38.56,100.48
2023-05-25,339.72,16.26,19.15,42.99,100.54
2023-05-26,348.4,17.49,22.88,46.59,100.57
2023-05-30,349.98,17.74,22.87,47.32,100.59
2023-05-31,347.99,17.38,21.15,46.13,100.59
2023-06-01,352.01,18.0,22.16,47.48,100.23
2023-06-02,354.65,18.41,22.02,48.33,100.23
2023-06-05,354.9,18.45,20.97,47.46,100.25
2023-06-06,354.84,18.43,21.73,47.4,100.28
2023-06-07,348.82,17.49,21.64,45.26,100.29
2023-06-08,353.15,18.09,22.28,46.69,100.33
2023-06-09,354.5,18.31,22.4,47.35,100.34
2023-06-12,360.49,19.25,24.6,50.41,100.36
2023-06-13,363.26,19.67,25.56,51.32,100.37
2023-06-14,365.9,20.09,26.64,52.86,100.39
2023-06-15,370.26,20.8,25.95,54.9,100.44
2023-06-16,367.93,20.4,25.24,53.5,100.44
2023-06-20,366.9,20.3,24.65,52.38,100.47
2023-06-21,361.9,19.42,22.78,49.99,100.48
2023-06-22,366.17,20.07,23.1,51.27,100.52
2023-06-23,362.54,19.48,21.89,49.49,100.54
2023-06-26,357.68,18.7,22.09,48.36,100.55
2023-06-27,363.83,19.63,24.37,51.27,100.56
2023-06-28,364.54,19.75,23.72,51.32,100.59
2023-06-29,363.81,19.61,23.81,51.63,100.63
2023-06-30,369.42,20.5,24.83,54.02,100.63
2023-07-03,370.29,20.64,25.49,53.63,100.26
2023-07-05,370.28,20.62,23.85,52.65,100.27
2023-07-06,367.46,20.14,22.98,52.13,100.31
2023-07-07,366.24,19.93,22.96,51.41,100.32
2023-07-10,366.36,19.95,24.32,51.83,100.33
2023-07-11,368.17,20.24,24.34,52.17,100.34
2023-07-12,372.82,20.99,25.69,53.92,100.36
2023-07-13,379.15,22.03,27.28,55.99,100.4
2023-07-14,379.07,22.01,26.23,55.67,100.41
2023-07-17,382.61,22.62,28.06,57.83,100.43
2023-07-18,385.74,23.16,28.26,59.78,100.44
2023-07-19,385.65,23.16,27.29,59.31,100.46
2023-07-20,376.76,21.53,24.29,55.7,100.5
2023-07-21,375.63,21.34,24.92,55.55,100.51
2023-07-24,376.23,21.43,24.9,55.9,100.53
2023-07-25,378.78,21.86,26.13,57.74,100.54
2023-07-26,377.52,21.64,25.06,55.42,100.56
2023-07-27,376.62,21.45,26.46,54.9,100.6
2023-07-28,383.48,22.61,28.15,57.1,100.62
2023-07-31,383.68,22.66,28.41,57.46,100.62
2023-08-01,382.79,22.48,28.53,57.75,100.2
2023-08-02,374.39,21.01,25.28,53.43,100.23
2023-08-03,373.79,20.86,25.15,52.79,100.26
2023-08-04,372.04,20.57,24.88,50.55,100.28
2023-08-07,375.19,21.08,25.66,50.96,100.29
2023-08-08,372.0,20.54,24.46,49.75,100.3
2023-08-09,367.91,19.85,23.09,47.79,100.33
2023-08-10,368.59,19.94,22.81,47.83,100.36
2023-08-11,366.24,19.55,21.14,46.72,100.37
2023-08-14,370.35,20.19,22.93,48.93,100.4
2023-08-15,366.42,19.58,21.8,47.43,100.41
2023-08-16,362.54,18.92,20.53,46.1,100.43
2023-08-17,358.58,18.28,19.91,44.73,100.47
2023-08-18,358.13,18.2,20.15,44.85,100.48
2023-08-21,363.9,19.08,21.88,47.44,100.49
2023-08-22,363.38,19.0,21.35,47.24,100.5
2023-08-23,369.11,19.89,22.6,49.78,100.53
2023-08-24,361.22,18.58,20.41,46.26,100.57
2023-08-25,364.02,19.02,20.66,47.71,100.58
2023-08-28,366.76,19.44,21.42,48.8,100.6
2023-08-29,374.77,20.68,23.07,51.68,100.62
2023-08-30,376.86,21.03,23.4,52.87,100.62
2023-08-31,377.99,21.22,23.86,53.56,100.67
2023-09-01,377.59,21.15,24.02,54.02,100.27
2023-09-05,378.07,21.2,24.02,54.61,100.28
2023-09-06,374.74,20.64,23.44,52.88,100.3
2023-09-07,372.06,20.19,21.87,50.51,100.35
2023-09-08,372.58,20.25,21.5,50.83,100.36
2023-09-11,376.97,20.94,21.45,51.57,100.37
2023-09-12,372.79,20.27,20.94,48.71,100.38
2023-09-13,374.21,20.47,21.23,49.15,100.41
2023-09-14,377.27,20.95,21.65,50.16,100.44
2023-09-15,370.81,19.88,19.79,47.26,100.46
2023-09-18,370.66,19.92,19.93,47.87,100.47
2023-09-19,369.87,19.8,19.43,47.83,100.48
2023-09-20,364.54,18.88,18.48,45.52,100.51
2023-09-21,357.86,17.8,17.42,43.4,100.54
2023-09-22,357.91,17.82,17.84,43.64,100.56
2023-09-25,359.61,18.05,18.22,44.11,100.58
2023-09-26,354.21,17.25,17.24,41.68,100.58
2023-09-27,355.04,17.35,17.68,41.86,100.61
2023-09-28,358.01,17.77,18.64,42.71,100.64
2023-09-29,358.27,17.81,18.87,43.09,100.67
2023-10-02,361.26,18.24,19.08,44.52,100.27
2023-10-03,354.92,17.27,17.89,42.2,100.28
2023-10-04,359.75,17.97,18.64,43.75,100.3
2023-10-05,358.69,17.78,18.4,43.92,100.36
2023-10-06,364.7,18.67,19.47,46.35,100.37
2023-10-09,366.56,18.95,19.38,47.05,100.38
2023-10-10,368.59,19.26,20.05,47.26,100.38
2023-10-11,371.22,19.67,20.51,48.5,100.4
2023-10-12,369.93,19.44,20.68,48.58,100.45
2023-10-13,365.28,18.7,18.98,46.5,100.45
2023-10-16,369.41,19.33,19.81,47.85,100.48
2023-10-17,368.2,19.15,19.3,47.17,100.49
2023-10-18,363.37,18.34,18.28,45.62,100.51
2023-10-19,359.97,17.85,17.43,44.88,100.55
2023-10-20,354.6,17.05,16.64,42.53,100.57
2023-10-23,355.67,17.19,16.39,42.67,100.59
2023-10-24,359.13,17.68,17.04,43.55,100.6
2023-10-25,350.34,16.39,14.97,42.03,100.6
2023-10-26,343.66,15.43,14.73,39.55,100.66
2023-10-27,345.31,15.65,15.1,40.18,100.66
2023-10-30,349.2,16.16,14.53,41.47,100.68
2023-10-31,350.87,16.39,14.9,42.36,100.7
2023-11-01,356.96,17.24,15.95,44.8,100.29
2023-11-02,363.44,18.15,17.08,47.08,100.33
2023-11-03,367.71,18.79,18.38,48.43,100.34
2023-11-06,369.21,19.0,18.25,49.39,100.36
2023-11-07,372.7,19.54,18.6,51.04,100.36
2023-11-08,372.94,19.58,18.67,51.86,100.38
2023-11-09,370.07,19.11,18.39,51.1,100.43
2023-11-10,378.39,20.39,20.6,55.0,100.43
2023-11-13,377.21,20.2,20.02,54.04,100.44
2023-11-14,385.33,21.47,22.14,57.3,100.48
2023-11-15,385.62,21.53,22.63,57.48,100.48
2023-11-16,385.95,21.57,22.72,58.33,100.53
2023-11-17,386.04,21.58,23.13,57.92,100.55
2023-11-20,390.74,22.35,24.18,60.48,100.56
2023-11-21,388.47,21.94,22.84,58.92,100.59
2023-11-22,390.06,22.2,23.0,59.68,100.63
2023-11-24,389.51,22.09,23.09,59.28,100.66
2023-11-27,389.17,22.02,22.97,59.23,100.66
2023-11-28,390.19,22.2,22.54,59.56,100.67
2023-11-29,389.81,22.12,23.22,59.75,100.7
2023-11-30,388.83,21.93,22.81,59.82,100.73
2023-12-01,389.94,22.12,23.07,60.25,100.32
2023-12-04,386.32,21.49,22.31,58.08,100.33
2023-12-05,387.29,21.65,21.93,59.07,100.35
2023-12-06,385.05,21.26,21.47,57.54,100.35
2023-12-07,390.43,22.15,23.18,59.6,100.4
2023-12-08,392.17,22.42,23.7,61.11,100.41
2023-12-11,395.52,22.99,26.11,62.65,100.43
2023-12-12,398.67,23.54,26.65,63.9,100.44
2023-12-13,403.74,24.37,27.92,65.57,100.45
2023-12-14,403.39,24.33,30.19,65.0,100.05
2023-12-15,405.34,24.62,30.57,66.01,100.06
2023-12-18,407.08,25.14,30.29,66.54,100.07
2023-12-19,409.16,25.51,30.75,67.26,100.1
2023-12-20,403.08,24.27,28.1,64.23,100.11
2023-12-21,407.77,25.08,30.26,66.24,100.17
2023-12-22,408.38,25.17,30.51,66.37,100.18
2023-12-26,410.88,25.64,32.16,67.27,100.19
2023-12-27,411.5,25.77,32.35,67.3,100.2
2023-12-28,411.3,25.7,32.22,67.46,100.26
2023-12-29,409.52,25.35,31.4,66.71,100.27
2024-01-02,402.59,24.07,28.04,61.59,100.29
2024-01-03,398.33,23.3,26.25,59.47,100.3
2024-01-04,396.28,22.91,25.58,58.16,100.35
2024-01-05,396.75,22.99,25.93,58.15,100.36
2024-01-08,404.95,24.38,28.43,62.52,100.39
2024-01-09,405.75,24.53,28.42,62.75,100.4
2024-01-10,408.5,25.02,28.17,64.35,100.42
2024-01-11,409.35,25.14,28.46,65.22,100.48
2024-01-12,409.56,25.17,28.1,65.83,100.49
2024-01-16,409.52,25.16,29.19,66.3,100.5
2024-01-17,407.21,24.72,28.43,65.3,100.51
2024-01-18,412.99,25.78,31.19,69.23,100.55
2024-01-19,421.18,27.27,34.86,73.91,100.58
2024-01-22,421.73,27.38,35.26,74.81,100.59
2024-01-23,423.48,27.7,35.92,75.75,100.61
2024-01-24,425.83,28.16,37.42,77.29,100.62
2024-01-25,426.35,28.24,37.12,78.18,100.67
2024-01-26,423.81,27.72,34.01,75.38,100.67
2024-01-29,428.15,28.53,35.04,77.46,100.68
2024-01-30,425.3,27.97,33.53,75.6,100.71
2024-01-31,416.97,26.32,32.1,70.77,100.71
2024-02-01,421.88,27.25,32.45,73.49,100.31
2024-02-02,429.01,28.62,33.65,75.58,100.32
2024-02-05,428.45,28.48,35.1,76.13,100.34
2024-02-06,427.59,28.31,33.83,74.99,100.35
2024-02-07,431.99,29.16,35.36,78.01,100.37
2024-02-08,432.79,29.27,37.15,78.69,100.4
2024-02-09,437.05,30.14,39.32,81.85,100.43
2024-02-12,435.34,29.78,39.15,79.88,100.43
2024-02-13,428.55,28.37,36.84,75.83,100.45
2024-02-14,433.22,29.27,39.12,78.12,100.47
2024-02-15,434.51,29.51,39.11,77.51,100.52
2024-02-16,430.57,28.7,38.33,75.38,100.53
2024-02-20,427.32,28.04,36.42,73.06,100.55
2024-02-21,425.61,27.69,36.14,71.59,100.56
2024-02-22,438.07,30.08,41.42,78.56,100.6
2024-02-23,436.78,29.81,40.17,77.95,100.63
2024-02-26,436.55,29.77,41.21,78.24,100.64
2024-02-27,437.6,29.95,41.11,78.43,100.66
2024-02-28,435.27,29.47,39.8,77.28,100.67
2024-02-29,439.0,30.18,42.84,79.87,100.7
2024-03-01,445.61,31.57,48.33,84.1,100.32
2024-03-04,444.02,31.19,49.77,84.09,100.33
2024-03-05,436.05,29.52,46.84,77.86,100.34
2024-03-06,438.79,30.07,50.22,79.58,100.36
2024-03-07,445.45,31.41,55.32,83.29,100.41
2024-03-08,439.02,30.03,48.95,79.53,100.42
2024-03-11,437.39,29.68,46.77,78.92,100.44
2024-03-12,443.66,30.94,49.58,83.64,100.45
2024-03-13,440.25,30.22,46.08,80.88,100.46
2024-03-14,439.14,29.98,43.53,80.97,100.5
2024-03-15,433.92,28.88,42.74,77.23,100.52
2024-03-18,437.48,29.69,42.54,78.39,100.53
2024-03-19,438.57,29.9,41.42,79.33,100.55
2024-03-20,443.77,30.85,43.4,82.06,100.56
2024-03-21,445.87,31.25,46.31,82.18,100.6
2024-03-22,446.38,31.32,46.43,82.23,100.62
2024-03-25,444.76,31.0,45.89,80.51,100.64
2024-03-26,443.32,30.7,45.03,79.58,100.65
2024-03-27,444.83,30.98,46.5,80.64,100.7
2024-03-28,444.01,30.78,46.53,80.14,100.71
2024-04-01,444.95,30.97,47.99,80.74,100.29
2024-04-02,441.11,30.14,45.88,78.44,100.31
2024-04-03,442.1,30.34,46.19,78.96,100.32
2024-04-04,435.34,28.91,42.37,75.22,100.37
2024-04-05,440.47,29.93,43.62,77.69,100.38
2024-04-08,440.6,29.95,44.0,77.41,100.4
2024-04-09,442.23,30.26,45.39,78.47,100.41
2024-04-10,438.37,29.47,43.09,75.69,100.43
2024-04-11,445.37,30.85,45.8,79.98,100.47
2024-04-12,438.27,29.36,41.51,76.26,100.48
2024-04-15,431.06,27.89,39.78,71.86,100.5
2024-04-16,431.1,27.89,40.54,72.03,100.5
2024-04-17,425.84,26.85,37.06,69.0,100.53
2024-04-18,423.41,26.38,34.91,66.56,100.56
2024-04-19,414.65,24.74,30.79,62.35,100.59
2024-04-22,418.82,25.46,32.07,63.95,100.6
2024-04-23,425.07,26.59,34.11,66.69,100.61
2024-04-24,426.51,26.85,35.49,67.66,100.62
2024-04-25,424.45,26.42,37.41,67.19,100.67
2024-04-26,431.0,27.64,39.8,69.37,100.69
2024-04-29,432.75,27.97,40.61,70.2,100.69
2024-04-30,424.59,26.37,38.18,65.59,100.7
2024-05-01,421.52,25.8,34.37,63.64,100.31
2024-05-02,426.9,26.75,36.45,66.27,100.35
2024-05-03,435.48,28.35,38.97,71.72,100.37
2024-05-06,440.25,29.28,41.3,74.22,100.38
2024-05-07,440.32,29.28,40.36,73.48,100.38
2024-05-08,440.06,29.23,40.41,74.14,100.41
2024-05-09,441.02,29.39,39.96,73.97,100.44
2024-05-10,442.06,29.58,41.03,74.7,100.47
2024-05-13,443.08,29.78,41.27,75.78,100.48
2024-05-14,445.93,30.33,43.21,77.81,100.48
2024-05-15,452.9,31.74,47.0,82.99,100.5
2024-05-16,451.98,31.54,46.26,82.1,100.55
2024-05-17,451.76,31.47,45.4,81.44,100.56
2024-05-20,454.91,32.12,48.25,84.27,100.57
2024-05-21,455.8,32.28,47.98,84.7,100.59
2024-05-22,455.71,32.26,49.38,85.27,100.6
2024-05-23,453.66,31.78,48.81,83.2,100.67
2024-05-24,457.95,32.67,51.44,85.07,100.68
2024-05-28,459.68,33.03,54.04,86.14,100.69
2024-05-29,456.44,32.34,50.98,84.46,100.69
2024-05-30,451.55,31.3,50.0,78.67,100.71
2024-05-31,450.71,31.26,48.59,79.05,100.75
2024-06-03,453.13,31.57,48.59,79.64,100.33
2024-06-04,454.37,31.81,47.59,79.94,100.35
2024-06-05,463.53,33.72,53.52,85.29,100.37
2024-06-06,463.37,33.69,52.51,84.46,100.37
2024-06-07,462.96,33.56,51.87,84.96,100.41
2024-06-10,464.83,33.92,53.95,85.53,100.43
2024-06-11,468.02,34.62,54.17,90.27,100.45
2024-06-12,474.15,35.98,58.72,96.22,100.47
2024-06-13,476.72,36.56,60.86,98.58,100.48
2024-06-14,479.19,37.08,60.1,99.44,100.53
2024-06-17,485.06,38.43,62.67,103.96,100.54
2024-06-18,485.21,38.45,65.24,104.38,100.57
2024-06-20,481.47,37.54,60.02,100.71,100.58
2024-06-21,480.18,37.2,58.2,99.76,100.62
2024-06-24,473.96,35.94,53.22,92.9,100.63
2024-06-25,479.38,37.14,55.3,97.77,100.65
2024-06-26,480.37,37.23,54.78,97.53,100.66
2024-06-27,481.61,37.5,53.8,97.64,100.67
2024-06-28,479.11,36.91,55.36,97.38,100.71
2024-07-01,481.92,37.51,55.36,99.48,100.31
2024-07-02,486.98,38.67,57.6,100.88,100.32
2024-07-03,491.04,39.62,60.39,104.92,100.35
2024-07-05,496.16,40.81,60.81,105.85,100.39
2024-07-08,497.34,41.08,64.31,107.94,100.41
2024-07-09,497.77,41.17,64.25,107.54,100.41
2024-07-10,502.96,42.47,68.59,112.11,100.43
2024-07-11,491.93,39.67,61.99,103.84,100.45
2024-07-12,494.82,40.32,63.94,106.41,100.5
2024-07-15,496.15,40.62,64.14,106.94,100.5
2024-07-16,496.34,40.65,65.3,105.93,100.52
2024-07-17,481.77,37.08,51.55,93.61,100.53
2024-07-18,479.49,36.52,51.66,93.42,100.55
2024-07-19,475.24,35.53,47.0,89.06,100.59
2024-07-22,482.32,37.08,52.93,95.23,100.61
2024-07-23,480.62,36.68,50.53,94.12,100.62
2024-07-24,463.38,32.72,42.9,82.61,100.63
2024-07-25,458.27,31.64,39.78,79.6,100.65
2024-07-26,462.97,32.54,41.92,82.54,100.68
2024-07-29,463.9,32.73,41.81,81.53,100.71
2024-07-30,457.53,31.4,37.24,75.33,100.71
2024-07-31,471.07,34.14,44.39,84.87,100.72
2024-08-01,459.66,31.68,35.0,75.48,100.3
2024-08-02,448.75,29.37,29.34,68.75,100.35
2024-08-05,435.37,26.81,27.89,62.3,100.36
2024-08-06,439.53,27.48,28.58,64.63,100.38
2024-08-07,434.77,26.59,26.22,61.27,100.38
2024-08-08,448.07,29.03,31.46,68.04,100.41
2024-08-09,450.41,29.42,31.01,68.97,100.44
2024-08-12,451.38,29.62,31.41,70.67,100.46
2024-08-13,462.58,31.78,35.28,77.14,100.48
2024-08-14,462.73,31.83,35.05,78.41,100.5
2024-08-15,474.42,34.23,39.92,85.06,100.51
2024-08-16,475.03,34.32,39.73,85.4,100.55
2024-08-19,481.27,35.65,41.6,89.56,100.56
2024-08-20,480.26,35.43,40.09,88.59,100.57
2024-08-21,482.5,35.92,41.73,90.16,100.6
2024-08-22,474.85,34.19,37.51,84.07,100.6
2024-08-23,480.0,35.26,40.4,87.84,100.64
2024-08-26,475.34,34.23,37.37,84.58,100.66
2024-08-27,476.76,34.52,38.49,86.08,100.67
2024-08-28,471.35,33.35,36.6,82.64,100.68
2024-08-29,470.66,33.17,36.19,80.29,100.69
2024-08-30,476.27,34.31,38.79,83.27,100.74
2024-09-03,461.81,31.17,30.07,71.71,100.34
2024-09-04,460.61,30.91,30.3,71.18,100.35
2024-09-05,461.04,31.01,29.75,70.86,100.38
2024-09-06,448.69,28.5,25.96,65.55,100.42
2024-09-09,454.46,29.56,27.43,68.45,100.43
2024-09-10,458.66,30.35,28.35,71.45,100.45
2024-09-11,468.62,32.28,32.22,78.71,100.45
2024-09-12,473.22,33.24,31.81,80.69,100.46
2024-09-13,475.34,33.67,33.43,81.85,100.52
2024-09-16,473.24,33.22,32.16,80.78,100.54
2024-09-17,473.49,33.24,32.16,80.36,100.54
2024-09-18,471.44,32.81,31.14,78.01,100.57
2024-09-19,483.36,35.29,35.12,84.53,100.59
2024-09-20,482.44,35.06,33.55,83.66,100.63
2024-09-23,483.04,35.33,33.92,83.66,100.66
2024-09-24,485.37,35.83,35.07,85.28,100.67
2024-09-25,485.82,35.83,35.74,86.05,100.67
2024-09-26,489.47,36.6,39.65,89.28,100.68
2024-09-27,486.75,35.97,37.66,86.77,100.72
2024-09-30,488.07,36.24,36.68,87.53,100.72
2024-10-01,481.27,34.71,33.83,81.25,100.33
2024-10-02,481.95,34.84,34.96,82.86,100.33
2024-10-03,481.59,34.76,35.21,84.02,100.34
2024-10-04,487.32,35.99,36.68,86.73,100.38
2024-10-07,482.1,34.8,36.41,85.0,100.39
2024-10-08,489.3,36.31,37.46,89.6,100.4
2024-10-09,493.15,37.19,38.61,92.56,100.42
2024-10-10,492.59,37.06,37.83,92.37,100.44
2024-10-11,493.36,37.15,38.67,92.74,100.48
2024-10-14,497.5,38.1,40.82,96.22,100.48
2024-10-15,490.85,36.58,34.47,90.3,100.5
2024-10-16,490.91,36.56,34.46,90.83,100.52
2024-10-17,491.25,36.67,35.21,91.83,100.52
2024-10-18,494.47,37.32,35.27,92.46,100.56
2024-10-21,495.42,37.53,35.09,93.85,100.58
2024-10-22,495.96,37.63,34.69,93.59,100.59
2024-10-23,488.36,35.9,33.8,89.56,100.59
2024-10-24,492.32,36.75,34.29,90.28,100.62
2024-10-25,495.32,37.37,35.28,91.55,100.66
2024-10-28,495.4,37.4,35.35,91.51,100.66
2024-10-29,500.16,38.44,37.98,95.13,100.68
2024-10-30,496.38,37.58,34.01,90.66,100.68
2024-10-31,483.85,34.72,30.09,81.79,100.7
2024-11-01,487.43,35.47,30.83,83.59,100.34
2024-11-04,486.01,35.13,30.35,83.35,100.35
2024-11-05,492.21,36.47,31.38,86.84,100.37
2024-11-06,505.58,39.43,34.12,94.01,100.37
2024-11-07,513.54,41.28,36.21,99.12,100.39
2024-11-08,514.14,41.38,35.41,98.65,100.44
2024-11-11,513.84,41.3,32.77,97.1,100.43
2024-11-12,512.91,41.08,31.67,97.3,100.44
2024-11-13,512.25,40.9,29.69,96.73,100.47
2024-11-14,508.69,40.03,29.6,95.35,100.47
2024-11-15,496.57,37.13,26.66,88.46,100.52
2024-11-18,500.02,37.88,27.67,89.01,100.53
2024-11-19,503.46,38.65,27.85,91.22,100.54
2024-11-20,503.17,38.6,27.13,90.76,100.56
2024-11-21,504.98,38.98,28.49,93.61,100.56
2024-11-22,505.79,39.12,28.49,93.62,100.59
2024-11-25,506.59,39.31,29.33,93.53,100.6
2024-11-26,509.31,39.92,28.13,94.99,100.62
2024-11-27,505.3,38.95,26.98,91.08,100.64
2024-11-29,509.74,39.94,28.06,93.51,100.68
2024-12-02,515.29,41.24,30.2,96.14,100.32
2024-12-03,516.87,41.6,29.73,97.14,100.33
2024-12-04,523.26,43.12,30.88,102.52,100.35
2024-12-05,521.81,42.77,29.12,100.84,100.36
2024-12-06,526.48,43.87,29.61,101.85,100.41
2024-12-09,522.38,42.85,29.23,99.98,100.42
2024-12-10,520.6,42.38,27.06,95.72,100.44
2024-12-11,529.92,44.65,29.12,99.87,100.44
2024-12-12,526.5,43.76,28.46,98.16,100.45
2024-12-13,530.53,44.7,30.7,99.3,100.5
2024-12-16,538.17,46.65,32.51,102.21,100.51
2024-12-17,535.8,46.02,31.13,100.43,100.51
2024-12-18,516.47,41.04,27.83,90.84,100.16
2024-12-19,514.17,40.47,26.3,90.93,100.18
2024-12-20,518.66,41.51,27.3,95.02,100.2
2024-12-23,522.87,42.53,29.59,97.76,100.22
2024-12-24,529.96,44.22,30.48,100.66,100.25
2024-12-26,529.6,44.12,30.57,100.91,100.26
2024-12-27,522.56,42.33,29.69,96.74,100.29
2024-12-30,515.61,40.63,27.94,93.02,100.29
2024-12-31,511.23,39.56,27.31,90.55,100.32
2025-01-02,510.23,39.31,27.67,89.99,100.34
2025-01-03,518.58,41.2,29.82,94.17,100.37
2025-01-06,524.54,42.6,32.49,97.78,100.37
2025-01-07,515.18,40.31,31.15,91.94,100.39
2025-01-08,515.27,40.34,30.18,91.88,100.41
2025-01-10,507.19,38.42,28.06,85.75,100.45
2025-01-13,505.56,38.01,27.85,83.82,100.47
2025-01-14,505.08,37.88,28.12,84.5,100.48
2025-01-15,516.7,40.44,29.94,89.5,100.49
2025-01-16,513.08,39.62,29.99,87.33,100.49
2025-01-17,521.74,41.57,32.49,91.38,100.54
2025-01-21,524.8,42.26,33.69,93.57,100.55
2025-01-22,531.51,43.9,35.15,99.41,100.57
2025-01-23,532.64,44.17,34.92,100.39,100.58
2025-01-24,529.63,43.38,32.65,97.22,100.61
2025-01-27,514.21,39.57,25.06,82.98,100.61
2025-01-28,521.81,41.33,25.37,89.36,100.64
2025-01-29,520.83,41.07,25.68,87.19,100.64
2025-01-30,523.05,41.58,27.15,87.57,100.66
2025-01-31,522.29,41.36,27.02,86.01,100.68
2025-02-03,518.11,40.36,25.61,82.51,100.34
2025-02-04,524.47,41.83,26.25,86.01,100.36
2025-02-05,526.85,42.37,27.7,89.74,100.36
2025-02-06,529.6,43.01,27.69,90.31,100.38
2025-02-07,522.92,41.37,26.33,87.85,100.41
2025-02-10,529.25,42.82,27.35,91.72,100.43
2025-02-11,527.99,42.51,27.4,91.79,100.43
2025-02-12,528.3,42.6,27.54,91.24,100.44
2025-02-13,535.9,44.4,28.47,95.08,100.46
2025-02-14,538.15,44.92,28.55,95.84,100.5
2025-02-18,539.37,45.19,29.99,98.49,100.52
2025-02-19,539.52,45.2,31.47,98.48,100.52
2025-02-20,537.23,44.65,31.7,97.55,100.54
2025-02-21,526.08,41.85,28.81,89.5,100.58
2025-02-24,519.87,40.35,26.76,85.6,100.59
2025-02-25,513.32,38.81,25.07,82.28,100.6
2025-02-26,514.56,39.06,26.29,84.91,100.6
2025-02-27,500.27,35.82,21.75,75.8,100.63
2025-02-28,508.17,37.46,22.73,78.33,100.65
2025-03-03,497.05,35.04,20.51,71.56,100.36
2025-03-04,495.55,34.65,20.65,71.14,100.37
2025-03-05,502.01,36.01,21.95,74.11,100.37
2025-03-06,488.2,33.02,19.23,68.0,100.4
2025-03-07,491.79,33.71,20.88,70.76,100.43
2025-03-10,472.73,29.91,17.99,61.87,100.43
2025-03-11,471.6,29.56,17.41,61.01,100.45
2025-03-12,476.92,30.57,18.3,63.9,100.45
2025-03-13,468.34,28.9,18.09,60.32,100.48
2025-03-14,479.66,30.94,19.8,65.48,100.51
2025-03-17,482.77,31.55,20.79,66.91,100.52
2025-03-18,474.54,29.95,19.93,63.91,100.53
2025-03-19,480.89,31.12,20.38,66.5,100.55
2025-03-20,479.26,30.8,19.93,64.91,100.55
2025-03-21,480.84,31.09,19.28,65.4,100.58
2025-03-24,490.66,33.06,21.0,69.05,100.6
2025-03-25,493.46,33.65,20.55,69.52,100.61
2025-03-26,484.38,31.69,18.79,64.91,100.63
2025-03-27,481.62,31.15,17.76,63.13,100.64
2025-03-28,468.94,28.67,16.03,58.43,100.67
2025-03-31,468.92,28.65,15.95,58.56,100.67
2025-04-01,472.7,29.31,15.95,59.74,100.35
2025-04-02,476.15,29.97,16.26,60.99,100.36
2025-04-03,450.66,25.15,11.41,48.79,100.38
2025-04-04,422.67,20.55,8.73,39.05,100.41
2025-04-07,423.69,20.62,9.15,39.56,100.42
2025-04-08,416.06,19.45,8.25,37.33,100.42
2025-04-09,466.0,26.31,12.77,51.83,100.44
2025-04-10,446.18,23.07,9.63,44.85,100.44
2025-04-11,454.4,24.29,10.23,47.45,100.49
2025-04-14,457.48,24.8,10.47,48.67,100.5
2025-04-15,457.99,24.9,10.6,49.24,100.51
2025-04-16,444.18,22.65,9.34,44.16,100.53
2025-04-17,444.1,22.58,9.2,43.34,100.57
2025-04-21,433.11,20.93,8.71,39.94,100.57
2025-04-22,444.48,22.53,9.18,42.72,100.58
2025-04-23,454.56,24.02,10.29,46.5,100.61
2025-04-24,467.35,26.07,12.0,51.75,100.61
2025-04-25,472.56,26.93,12.34,53.94,100.65
2025-04-28,472.41,26.91,12.29,53.73,100.65
2025-04-29,475.53,27.43,11.86,54.46,100.66
2025-04-30,475.47,27.44,12.16,55.18,100.69
2025-05-01,481.68,28.39,12.1,57.53,100.37
2025-05-02,488.83,29.72,13.29,60.26,100.4
2025-05-05,485.93,29.2,13.05,59.3,100.41
2025-05-06,481.41,28.37,12.64,57.82,100.41
2025-05-07,483.3,28.7,13.28,59.61,100.42
2025-05-08,488.29,29.56,13.66,61.18,100.45
2025-05-09,487.97,29.49,14.11,61.14,100.48
2025-05-12,507.85,33.06,17.13,69.48,100.48
2025-05-13,515.59,34.57,18.6,73.89,100.5
2025-05-14,518.68,35.18,18.84,75.34,100.51
2025-05-15,519.25,35.29,18.47,75.62,100.51
2025-05-16,521.51,35.72,18.39,76.04,100.55
2025-05-19,522.01,35.82,18.06,75.65,100.56
2025-05-20,520.27,35.44,17.97,74.81,100.58
2025-05-21,513.04,33.97,17.0,70.61,100.59
2025-05-22,514.0,34.15,16.51,70.6,100.61
2025-05-23,509.24,33.16,15.73,68.35,100.64
2025-05-27,521.22,35.47,17.29,73.0,100.65
2025-05-28,518.91,35.01,17.04,72.11,100.68
2025-05-29,519.93,35.19,17.2,72.47,100.68
2025-05-30,519.11,35.0,16.17,71.7,100.71
2025-06-02,523.21,35.81,16.9,73.54,100.38
2025-06-03,527.3,36.64,18.3,76.83,100.39
2025-06-04,528.77,36.94,19.09,77.21,100.4
2025-06-05,524.79,36.08,18.81,76.42,100.41
2025-06-06,529.92,37.1,19.18,78.59,100.44
2025-06-09,530.7,37.27,20.58,79.74,100.45
2025-06-10,534.21,37.99,21.89,81.02,100.46
2025-06-11,532.41,37.6,21.64,80.5,100.48
2025-06-12,533.66,37.85,21.69,82.69,100.49
2025-06-13,526.96,36.42,20.04,79.09,100.53
2025-06-16,534.29,37.9,21.9,83.01,100.53
2025-06-17,529.08,36.78,21.42,81.06,100.54
2025-06-18,528.99,36.73,21.61,81.48,100.56
2025-06-20,526.83,36.22,21.21,80.24,100.6
2025-06-23,531.65,37.35,21.58,83.05,100.62
2025-06-24,539.78,39.05,23.95,87.29,100.63
2025-06-25,541.16,39.24,24.58,89.5,100.64
2025-06-26,546.22,40.31,25.2,91.41,100.65
2025-06-27,548.09,40.71,25.11,90.93,100.69
2025-06-30,551.64,41.5,25.11,93.58,100.69
2025-07-01,546.99,40.44,24.71,91.12,100.37
2025-07-02,550.8,41.25,26.05,93.99,100.37
2025-07-03,556.22,42.4,26.43,97.49,100.42
2025-07-07,552.03,41.46,24.97,95.11,100.44
2025-07-08,552.34,41.51,26.37,96.54,100.46
2025-07-09,556.25,42.38,26.65,98.26,100.45
2025-07-10,555.45,42.18,27.37,97.24,100.47
2025-07-11,554.2,41.86,27.29,95.92,100.51
2025-07-14,556.21,42.31,26.5,95.7,100.51
2025-07-15,556.72,42.42,27.29,98.05,100.52
2025-07-16,557.29,42.53,27.03,99.01,100.55
2025-07-17,561.8,43.53,27.32,101.73,100.56
2025-07-18,561.26,43.38,27.33,101.42,100.59
2025-07-21,564.17,44.03,27.5,101.99,100.6
2025-07-22,561.25,43.35,26.32,98.79,100.62
2025-07-23,563.81,43.92,25.78,100.67,100.63
2025-07-24,565.01,44.21,25.62,101.82,100.64
2025-07-25,566.37,44.46,25.6,102.6,100.66
2025-07-28,568.14,44.9,26.88,104.97,100.69
2025-07-29,567.26,44.69,27.03,104.88,100.69
2025-07-30,568.02,44.85,27.61,105.55,100.71
2025-07-31,565.01,44.1,24.98,103.07,100.72
2025-08-01,553.88,41.46,24.08,96.59,100.39
2025-08-04,564.1,43.73,25.0,102.2,100.41
2025-08-05,560.27,42.82,24.52,100.1,100.42
2025-08-06,567.32,44.42,23.99,103.25,100.43
2025-08-07,569.24,44.87,25.0,103.37,100.43
2025-08-08,574.55,46.08,25.71,106.27,100.48
2025-08-11,572.85,45.67,25.61,104.31,100.49
2025-08-12,580.05,47.36,28.0,108.89,100.49
2025-08-13,580.34,47.43,29.27,109.07,100.51
2025-08-14,579.89,47.3,29.42,108.4,100.52
2025-08-15,577.34,46.63,27.37,105.8,100.55
2025-08-18,577.11,46.57,27.53,106.34,100.58
2025-08-19,569.28,44.67,26.24,100.79,100.58
2025-08-20,565.9,43.85,25.8,98.72,100.6
2025-08-21,563.28,43.24,25.35,97.61,100.6
2025-08-22,571.97,45.19,27.45,101.54,100.64
2025-08-25,570.32,44.79,27.3,100.81,100.66
2025-08-26,572.61,45.31,27.94,102.18,100.66
2025-08-27,573.49,45.52,28.18,103.65,100.67
2025-08-28,577.08,46.35,28.53,106.11,100.68
2025-08-29,570.4,44.68,26.04,101.25,100.74
2025-09-02,565.62,43.54,25.25,98.17,100.39
2025-09-03,570.07,44.56,24.91,99.75,100.4
2025-09-04,575.23,45.76,25.65,101.19,100.42
2025-09-05,576.06,45.91,26.45,101.4,100.44
2025-09-08,578.87,46.56,27.08,103.64,100.47
2025-09-09,580.51,46.94,27.18,104.28,100.47
2025-09-10,580.7,46.99,28.6,109.83,100.48
2025-09-11,584.08,47.78,29.17,110.61,100.5
2025-09-12,586.66,48.38,29.3,110.64,100.53
2025-09-15,591.68,49.62,30.0,113.54,100.53
2025-09-16,591.18,49.48,30.48,112.35,100.55
2025-09-17,590.0,49.17,30.47,111.46,100.56
2025-09-18,595.32,50.49,33.64,116.78,100.58
2025-09-19,599.35,51.49,33.02,120.22,100.62
2025-09-22,602.2,52.36,34.43,125.66,100.62
2025-09-23,598.2,51.31,34.3,122.26,100.64
2025-09-24,596.1,50.71,34.2,120.27,100.65
2025-09-25,593.53,50.03,33.85,119.39,100.66
2025-09-26,595.97,50.62,34.02,120.35,100.69
2025-09-29,598.73,51.3,34.02,122.09,100.7
2025-09-30,600.37,51.7,34.84,124.37,100.7
2025-10-01,603.25,52.43,36.86,127.85,100.37
2025-10-02,605.73,53.07,39.08,130.0,100.38
2025-10-03,603.18,52.35,38.23,127.81,100.42
2025-10-06,607.71,53.52,41.71,131.65,100.42
2025-10-07,604.51,52.65,38.83,129.01,100.44
2025-10-08,611.44,54.44,42.78,135.52,100.45
2025-10-09,610.7,54.22,42.24,135.1,100.46
2025-10-10,589.5,48.53,34.21,118.89,100.51
2025-10-13,602.01,51.62,39.14,127.08,100.5
2025-10-14,598.0,50.56,36.63,122.26,100.51
2025-10-15,602.22,51.6,39.98,125.65,100.53
2025-10-16,599.99,51.03,40.57,126.05,100.54
2025-10-17,603.93,51.99,40.29,126.5,100.57
2025-10-20,611.54,53.94,42.24,130.69,100.58
2025-10-21,611.38,53.88,41.51,131.02,100.6
2025-10-22,605.49,52.3,38.39,127.0,100.61
2025-10-23,610.58,53.61,41.17,131.54,100.62
2025-10-24,617.1,55.28,43.14,137.73,100.65
2025-10-27,628.09,58.22,46.84,145.36,100.66
2025-10-28,632.92,59.54,46.96,149.61,100.67
2025-10-29,635.77,60.31,49.38,152.7,100.68
2025-10-30,626.05,57.54,47.39,147.35,100.69
2025-10-31,629.07,58.36,47.78,147.57,100.72
2025-11-03,632.08,59.16,48.58,149.24,100.4
2025-11-04,619.25,55.54,42.8,137.56,100.4
2025-11-05,623.28,56.62,46.83,139.01,100.42
2025-11-06,611.67,53.44,43.01,130.9,100.43
2025-11-07,609.74,52.89,41.74,129.12,100.46
2025-11-10,623.23,56.35,44.96,139.01,100.47
2025-11-11,621.57,55.89,41.81,135.45,100.48
2025-11-12,621.08,55.78,43.71,136.6,100.49
2025-11-13,608.4,52.33,39.22,126.08,100.5
2025-11-14,608.86,52.37,38.86,128.36,100.53
2025-11-17,603.66,51.03,36.84,122.08,100.54
2025-11-18,596.31,49.18,34.35,116.11,100.54
2025-11-19,599.87,50.03,35.96,118.51,100.56
2025-11-20,585.67,46.45,30.81,107.34,100.58
2025-11-21,590.07,47.48,31.73,108.44,100.6
2025-11-24,605.16,51.08,35.86,116.42,100.61
2025-11-25,608.89,52.01,36.17,117.09,100.63
2025-11-26,614.27,53.37,39.19,121.19,100.64
2025-11-28,619.25,54.54,41.26,124.1,100.67
2025-12-01,617.17,54.05,41.31,124.34,100.38
2025-12-02,622.0,55.3,43.8,128.09,100.4
2025-12-03,623.52,55.69,46.58,128.92,100.41
2025-12-04,622.94,55.51,45.16,130.21,100.43
2025-12-05,625.48,56.15,46.5,133.0,100.46
2025-12-08,624.28,55.8,47.99,135.81,100.46
2025-12-09,625.05,56.01,47.79,136.84,100.47
2025-12-10,627.61,56.65,49.65,130.84,100.47
2025-12-11,625.58,56.11,48.79,128.68,100.49
2025-12-12,613.62,52.82,41.71,117.28,100.53
2025-12-15,610.54,52.02,41.18,114.11,100.53
2025-12-16,611.75,52.33,40.49,114.58,100.54
2025-12-17,600.41,49.4,36.01,106.96,100.56
2025-12-18,609.11,51.51,38.58,111.82,100.56
2025-12-19,617.05,53.52,41.72,118.94,100.28
2025-12-22,619.21,54.25,43.26,120.93,100.28
2025-12-23,622.11,55.01,43.7,122.74,100.29
2025-12-24,623.93,55.36,44.21,123.71,100.31
2025-12-26,623.89,55.31,44.21,124.0,100.34
2025-12-29,620.87,54.49,43.82,122.38,100.36
2025-12-30,619.43,54.1,43.67,121.18,100.37
2025-12-31,614.31,52.72,42.03,117.49,100.38
2026-01-02,613.12,52.35,47.24,118.16,100.41
2026-01-05,617.99,53.6,49.22,119.0,100.42
2026-01-06,623.42,55.01,54.01,123.94,100.43
2026-01-07,624.02,55.17,52.29,123.54,100.44
2026-01-08,620.47,54.19,49.65,117.82,100.45
2026-01-09,626.65,55.76,53.95,122.41,100.47
2026-01-12,627.17,55.89,54.65,123.97,100.49
2026-01-13,626.24,55.6,56.07,123.2,100.5
2026-01-14,619.55,53.83,55.38,118.52,100.51
2026-01-15,621.78,54.38,58.08,120.36,100.52
2026-01-16,621.26,54.14,60.75,120.7,100.56
2026-01-20,608.06,50.73,57.94,111.21,100.56
2026-01-21,616.28,52.73,63.48,115.87,100.56
2026-01-22,620.76,53.9,63.72,118.41,100.58
2026-01-23,622.72,54.38,61.6,118.85,100.61
2026-01-26,625.46,55.08,60.7,121.23,100.62
2026-01-27,631.13,56.54,64.96,126.12,100.62
2026-01-28,633.22,57.06,70.09,129.0,100.64
2026-01-29,629.43,56.04,70.47,122.72,100.65
2026-01-30,621.87,54.0,61.79,115.43,100.67
2026-02-02,626.14,55.1,65.2,118.53,100.37
2026-02-03,616.52,52.52,61.2,110.9,100.39
2026-02-04,605.75,49.76,53.19,101.62,100.4
2026-02-05,597.03,47.64,53.25,96.11,100.4
2026-02-06,609.65,50.59,61.75,107.49,100.43
2026-02-09,614.32,51.74,64.03,112.59,100.45
2026-02-10,611.47,51.02,63.34,110.76,100.46
2026-02-11,613.11,51.4,68.05,111.62,100.46
2026-02-12,600.64,48.26,63.1,102.79,100.48
2026-02-13,601.92,48.47,64.59,103.57,100.52
2026-02-17,601.3,48.35,64.35,103.19,100.52
2026-02-18,605.79,49.39,66.29,106.35,100.54
2026-02-19,603.47,48.83,65.23,104.77,100.55
2026-02-20,608.81,50.06,67.11,106.29,100.57
2026-02-23,601.41,48.24,65.86,100.92,100.59
2026-02-24,607.87,49.78,68.53,104.69,100.59
2026-02-25,616.68,51.87,71.86,110.62,100.6
2026-02-26,609.24,50.05,65.34,106.03,100.62
2026-02-27,607.29,49.52,62.77,100.86,100.64
2026-03-02,608.09,49.7,62.76,102.56,100.38
2026-03-03,601.58,48.1,53.42,98.14,100.4
2026-03-04,610.75,50.26,56.62,103.04,100.4
2026-03-05,608.91,49.8,54.8,103.6,100.41
2026-03-06,599.75,47.54,47.89,97.26,100.45
2026-03-09,607.76,49.39,53.32,102.45,100.46
2026-03-10,607.77,49.4,54.59,102.33,100.46
2026-03-11,607.69,49.35,56.09,103.88,100.48
2026-03-12,597.26,46.83,50.28,98.08,100.49
2026-03-13,593.72,45.93,50.72,95.78,100.52
2026-03-16,600.38,47.46,53.69,99.96,100.52
2026-03-17,603.31,48.16,54.95,101.48,100.54
2026-03-18,594.9,46.1,54.02,98.14,100.55
2026-03-19,593.02,45.69,54.85,99.06,100.55
2026-03-20,582.06,43.08,51.14,92.32,100.58
2026-03-23,588.0,44.57,53.03,96.0,100.58
2026-03-24,583.98,43.62,54.96,94.0,100.61
2026-03-25,587.82,44.39,57.04,95.34,100.61
2026-03-26,573.79,41.23,48.97,86.42,100.62
2026-03-27,562.58,38.78,46.61,81.42,100.65
2026-03-30,558.28,37.89,40.62,76.7,100.66
2026-03-31,577.18,41.68,47.91,86.55,100.66
2026-04-01,584.31,43.23,52.26,90.34,100.39
2026-04-02,584.98,43.33,52.75,92.39,100.43
2026-04-06,588.5,44.1,54.81,93.8,100.44
2026-04-07,588.59,44.15,56.55,95.13,100.45
2026-04-08,606.09,48.0,67.5,104.08,100.45
2026-04-09,610.19,48.96,71.98,104.8,100.46
2026-04-10,611.07,49.17,76.39,105.95,100.5
2026-04-13,617.39,50.66,80.56,112.67,100.51
2026-04-14,628.6,53.41,85.31,117.94,100.51
2026-04-15,637.4,55.65,85.96,123.6,100.53
2026-04-16,640.47,56.43,88.37,127.94,100.53
2026-04-17,648.85,58.59,94.68,133.52,100.56
2026-04-20,646.79,58.08,95.94,134.18,100.57
2026-04-21,644.33,57.4,98.09,134.46,100.59
2026-04-22,655.11,60.21,105.64,143.38,100.6
2026-04-23,651.42,59.22,112.77,137.16,100.61
2026-04-24,663.88,62.56,128.32,148.75,100.64
2026-04-27,664.23,62.64,123.39,149.42,100.64
2026-04-28,657.55,60.74,109.56,142.03,100.66
2026-04-29,661.57,61.86,117.97,145.1,100.67
2026-04-30,667.74,63.54,126.98,146.26,100.67
2026-05-01,674.15,65.3,130.4,152.66,100.41
2026-05-04,672.88,64.91,127.55,153.15,100.42
2026-05-05,681.61,67.39,144.16,163.13,100.43
2026-05-06,695.77,71.57,165.85,176.03,100.44
2026-05-07,694.94,71.34,152.1,174.84,100.45
2026-05-08,711.23,76.28,176.94,193.09,100.48
2026-05-11,713.29,76.96,190.42,200.7,100.49
2026-05-12,707.24,74.96,172.52,191.68,100.5
2026-05-13,714.71,77.24,184.24,197.15,100.51
2026-05-14,719.79,78.95,186.19,205.76,100.52
2026-05-15,708.93,75.34,164.18,195.05,100.55
2026-05-18,705.88,74.32,151.75,188.1,100.56
2026-05-19,701.53,72.93,151.89,184.44,100.57
2026-05-20,713.15,76.51,173.2,196.9,100.58
2026-05-21,714.51,76.95,178.39,201.62,100.58
2026-05-22,717.54,77.84,190.56,207.85,100.63
2026-05-26,730.28,81.95,225.79,224.06,100.64
2026-05-27,729.45,81.67,217.98,221.07,100.65
2026-05-28,735.6,83.68,224.63,230.25,100.65
2026-05-29,738.31,84.56,224.34,245.39,100.67
2026-06-01,742.74,86.04,227.03,263.67,100.4
2026-06-02,746.16,87.22,266.32,273.28,100.4
2026-06-03,744.21,86.56,280.54,265.1,100.41
2026-06-04,740.61,85.22,262.7,253.01,100.42
2026-06-05,705.06,73.05,182.54,202.59,100.45
2026-06-08,716.07,76.27,211.44,215.36,100.46
2026-06-09,707.83,73.72,201.68,202.84,100.47
2026-06-10,693.69,69.27,180.65,188.6,100.48
2026-06-11,717.12,76.01,223.99,210.15,100.49
2026-06-12,721.34,77.52,234.68,215.49,100.51
2026-06-15,744.0,84.59,272.5,239.21,100.53
2026-06-16,729.86,79.93,226.19,219.88,100.54
2026-06-17,722.51,77.54,233.86,216.97,100.55
2026-06-18,740.62,82.87,279.29,236.49,100.59
2026-06-22,737.95,82.58,300.77,239.87,100.6
2026-06-23,713.65,74.44,231.42,210.24,100.61
2026-06-24,710.62,73.3,229.57,206.15,100.62
2026-06-25,716.38,74.95,252.61,210.65,100.63
2026-06-26,706.52,71.83,215.6,198.99,100.65
2026-06-29,724.08,77.19,236.52,213.81,100.67
2026-06-30,736.4,81.0,266.71,230.76,100.67
2026-07-01,725.17,77.46,217.55,213.09,100.4
2026-07-02,712.6,73.35,181.47,195.27,100.44
2026-07-06,722.82,76.42,194.65,204.9,100.44
2026-07-07,709.43,72.23,165.28,190.26,100.46
2026-07-08,711.44,72.72,174.82,197.3,100.47
2026-07-09,723.28,76.34,192.45,209.97,100.48
2026-07-10,725.51,77.03,192.26,211.7,100.5
2026-07-13,711.74,72.64,165.37,196.5,100.52
2026-07-14,719.69,75.02,176.66,203.31,100.52
2026-07-15,717.74,74.44,165.55,197.13,100.54
2026-07-16,705.94,70.74,142.48,183.36,100.55
2026-07-17,695.33,67.53,135.47,177.65,100.58
2026-07-20,696.06,67.65,136.81,177.86,100.59
2026-07-21,708.97,71.37,158.54,192.79,100.6
2026-07-22,705.35,70.28,160.99,191.29,100.6
2026-07-23,691.96,66.3,157.5,185.5,100.61
2026-07-24,684.23,64.0,136.81,177.06,100.64
2026-07-27,682.12,63.4,128.15,172.59,100.65
2026-07-28,675.49,61.56,109.54,163.03,100.66
2026-07-29,661.73,57.75,91.99,150.12,100.68
2026-07-30,683.55,63.3,114.72,174.45,100.69
2026-07-31,687.99,64.62,114.72,173.55,100.71
2026-08-03,700.07,67.96,116.71,181.24,100.42
2026-08-04,723.85,74.82,139.9,208.39,100.43
2026-08-05,717.3,72.84,132.07,204.99,100.45
2026-08-06,,,,,
2026-08-07,,,,,
2026-08-10,,,,,
2026-08-11,,,,,
2026-08-12,,,,,
2026-08-13,,,,,
2026-08-14,,,,,
2026-08-17,,,,,
2026-08-18,,,,,
2026-08-19,,,,,
2026-08-20,,,,,
2026-08-21,,,,,
2026-08-24,,,,,
2026-08-25,,,,,
2026-08-26,,,,,
2026-08-27,,,,,
2026-08-28,,,,,
2026-08-31,,,,,
2026-09-01,,,,,
2026-09-02,,,,,
2026-09-03,,,,,
2026-09-04,,,,,
2026-09-08,,,,,
2026-09-09,,,,,
2026-09-10,,,,,
2026-09-11,,,,,
2026-09-14,,,,,
2026-09-15,,,,,
2026-09-16,,,,,
2026-09-17,,,,,
2026-09-18,,,,,
2026-09-21,,,,,
2026-09-22,,,,,
2026-09-23,,,,,
2026-09-24,,,,,
2026-09-25,,,,,
2026-09-28,,,,,
2026-09-29,,,,,
2026-09-30,,,,,
2026-10-01,,,,,
2026-10-02,,,,,
2026-10-05,,,,,
2026-10-06,,,,,
2026-10-07,,,,,
2026-10-08,,,,,
2026-10-09,,,,,
2026-10-12,,,,,
2026-10-13,,,,,
2026-10-14,,,,,
2026-10-15,,,,,
